commit_id,time_stamp,ns,nd,nf,entropy,la,ld,is_fix,ndev,age,lt,nuc,exp,rexp,sexp,contains_bug,htmlcss,strict,bdom,so,tc
adfbadaeb3b667a1737c6ed28edfd7a412f38dee,1557589593,0,0,0,0,0,0,0,0,0,0,0,2,1.77,0,FALSE,0,0,0,0,0
920803aca7b136a94c1f7e02bcb0ab26d264912b,1557589559,0,0,0,0,0,0,0,0,0,0,0,1,0.77,0,FALSE,0,0,0,0,0
7f001518651ca9d9b87d7b0e9f4eb3db52999cde,1549569243,2,2,2,0.330299,11,8,0,1,8.62,11,5,31,29.66,21,FALSE,0,0,0,0,0
15c000aca245eb222036831145272032256f67a0,1548975887,2,2,1,0,1,1,0,1,0.65,7,8,30,29.2,20,FALSE,0,0,0,0,0
d9c0d8a7898331e71eb8812a213367b22e16998a,1548919364,2,2,1,0,16,13,0,1,2.85,19,7,29,28.25,19,FALSE,0,0,0,0,0
231791c95a97a9223fdf945f40176f0539c21dc0,1548684865,1,1,3,0.491133,4,3,0,1,5.88,133,3.67,28,27.46,26,FALSE,0,0,0,0,0
afa2df1c870067b7f7ec1d3d7eeccc8eee8a7784,1548672929,1,1,2,0.523683,33,6,0,1,8.14,18,3.5,27,26.47,25,FALSE,0,0,0,0,0
039cc7a6240eb3d46ecba130721a637bff22c7aa,1548667604,1,1,1,0,52,3,0,1,11.98,5,2,26,25.47,24,FALSE,0,0,0,0,0
1a3491d62e3b3ed103bad51107fc7d53f68fd381,1548666608,2,2,2,0.0414987,150,5,0,1,3.05,65,4.5,25,24.47,16.5,FALSE,0,0,0,0,0
65df95150f135795f5b35696561c9c2e499997e7,1548412588,1,1,2,0.893963,139,19,0,1,4.62,103,2.5,24,23.67,22,FALSE,0,0,0,0,0
c5d596bdda4f9c4bb3198686bd38a103d01c2d07,1548393130,2,2,3,0.223395,108,23,0,1,2.9,52,3.33,23,22.68,15,FALSE,0,0,0,0,0
827c4d539e0962bc4c9762b6a6dd6dc6c8d4f552,1548326265,1,1,1,0,32,12,0,1,1,174,3,22,21.73,20,FALSE,0,0,0,0,0
7f40bfaa1aade63899f77f93d17ca4e664e5c22d,1548307581,1,1,3,0.203609,65,34,1,1,2.48,83,2.67,21,20.74,19,FALSE,0,0,0,0,0
046b5be36d2c70beddcc9bcb31c1683faa7b18a5,1548305819,1,1,2,0.272364,20,8,1,1,2.17,67,3.5,20,19.74,18,FALSE,0,0,0,0,0
13d4290e3013eae573f501bcd3a3ea7b0dea9b16,1548240979,1,1,0,0,0,0,0,0,0,0,0,19,18.78,8,FALSE,0,0,0,0,0
118a2de40a6bd6c0163a463b7b2768a7a4848f16,1548240749,1,1,1,0,73,3,0,1,7.03,5,2,18,17.78,17,FALSE,0,0,0,0,0
4f45f6a097d1c2bbb7a71bc238148f206c87d180,1548240212,2,2,2,0.0138056,173,4,0,1,4.17,22,2,17,16.79,11.5,FALSE,0,0,0,0,0
22253ae8931f62636142bbc8e860871c875d62d2,1548236644,1,1,1,0,74,8,0,1,0.95,100,3,16,15.79,15,FALSE,0,0,0,0,0
d390f1f26435e473e96de6bc135dbf1f9d4add77,1548177732,1,1,1,0,1,1,1,1,5.1,657,69,0,0,0,FALSE,0,0,0,0,0
2e998daecdc8278d4e2d80d8ed9f5a749905c39d,1548154476,1,1,2,0.12578,107,4,0,1,5.04,13,2.5,15,14.83,14,FALSE,0,0,0,0,0
c3fb8ab1bfa72585765598c8f8033ba191e0c48b,1548127294,1,1,1,0,19,7,0,1,1.46,50,3,14,13.84,13,TRUE,0,0,0,0,0
f117dceb17025bcd17213985a7481a1cfb6f2314,1548082240,1,1,1,0,104,3,0,1,5.2,5,2,13,12.86,12,TRUE,0,0,0,0,0
40986b45764b3a65782f4a22e620b90aad9e0337,1548001473,1,1,1,0,48,3,0,1,4.27,5,2,12,11.89,11,TRUE,0,0,0,0,0
79f8e7d914da798585c3ab710a435ce915f63225,1547975998,1,1,1,0,122,3,0,1,3.97,5,2,11,10.9,10,FALSE,0,0,0,0,0
368bfb0cd870b582f211fafeacd77940a44348ab,1547828821,1,1,1,0,16,69,0,1,0.23,161,3,10,9.95,9,FALSE,0,0,0,0,0
184e8df4a1bf0a57cf72b7ca90dfaeede7a8db11,1547808840,1,1,1,0,159,3,0,1,2.04,5,2,9,8.96,8,FALSE,0,0,0,0,0
47f19da536363f5d90ccba9fc00c20786badb932,1547804339,1,1,3,0.108844,153,7,0,1,1.37,10,1.33,8,7.96,7,TRUE,0,0,0,0,0
94319a68fbaf0428217cbf8575f729d3fb418e94,1547792654,2,2,4,0.24975,109,12,0,1,1.59,3,1.25,7,6.96,6,FALSE,0,0,0,0,0
df7a11aa0bb3f40a60247cb495b61eb5bca525b4,1547737348,1,1,1,0,1,1,0,1,5.89,657,68,756,418.12,415,FALSE,0,0,0,0,0
a2123d59b89cd3a6c00713c93c1836737e27e78c,1547737299,1,1,1,0,5,2,0,1,8.66,886,39,755,417.12,321,FALSE,0,0,0,0,0
7af8107d46832866e2a6d7e6950d0bf1dea1b7ef,1547723111,0,0,0,0,0,0,0,0,0,0,0,754,416.25,0,FALSE,0,0,0,0,0
875a3d6745d4bff2e4c6ffe0e2d24aac3bf8a45a,1547722914,3,4,6,0.501183,21,6,0,2,0.05,1354.17,25.17,753,415.25,145.667,FALSE,8,2,12,102,20
ab4b9b92e03bc0369f0ef13d9ced7f80f497911f,1547722361,2,2,1,0,1,0,0,1,1.04,1,1,6,5.98,5,FALSE,0,0,0,0,0
90a3962f51fd27ea3129c9e8c201bb8f52d35cb1,1547719205,2,2,4,0.827729,1,4,0,2,0,966.5,15.25,752,414.28,57.5,FALSE,8,2,12,94,20
55b76fc0e7c01aea402cb04e2b67bd7fe166b267,1547719083,2,2,4,0.423504,22,16,0,2,0.01,965,15,751,413.28,56.5,FALSE,8,2,18,94,20
1df7de03a2cd39925b15f3aeae4963a91b1451bc,1547718417,4,4,5,0.61095,9,14,0,2,0.01,1586.4,26.6,750,412.29,211,FALSE,8,2,12,94,20
cf5b523ed2347886751c3ec89b11660798756f53,1547717489,2,2,4,0.603759,10,6,1,2,6.78,964,14.5,749,411.3,54.5,FALSE,8,2,16,96,21
f74b42a71636a5e1883a7576d358f28344652d5f,1547717237,1,2,2,0.847128,32,13,0,1,5.47,2124,49,748,410.3,318,FALSE,0,0,0,0,0
db67083be1c4717d2fc151461f0d994854ad20b6,1547632931,3,3,20,0.679059,12,61,0,3,0.07,67,2.75,5,5,3,TRUE,0,0,0,0,0
078ebe811bcf01c749a2d79bf1849df029733b37,1547629970,1,1,1,0,2,29,0,2,0.4,1325,51,747,410.05,61,FALSE,0,0,0,2,0
c3db3101c395bac808d47a60bd74484bfe324311,1547629795,2,2,18,0.547583,149,0,0,1,0.02,0,0.11,4,4,3,FALSE,0,0,0,0,0
74617f9ce7b04596a9c6452f3d4c75df7e89195f,1547628798,0,0,0,0,0,0,0,0,0,0,0,746,409.06,0,FALSE,0,0,0,0,0
cafedea74de33ae368774a7dad7f751de5601586,1547628707,0,0,0,0,0,0,0,0,0,0,0,745,408.06,0,FALSE,0,0,0,0,0
8e6fd12d1838759905d4dceee89314a09b4ca378,1547612788,2,2,6,0.0131122,7,179,1,1,0.01,35.5,0.5,3,3,2,FALSE,0,0,0,0,0
66280795acd51bc643e0cea0f94dd81f68275ff6,1547612336,2,2,2,0.0625263,190,0,0,0,0,0,0,2,2,1,TRUE,0,0,0,0,0
b6dd75e920116ed37ff7786b022a885fcd49b379,1547611743,0,0,0,0,0,0,0,0,0,0,0,1,1,0,FALSE,0,0,0,0,0
86fd27d611986565fbba2d745e712b0d5ad4f11d,1547596233,0,0,0,0,0,0,0,0,0,0,0,744,407.33,0,FALSE,0,0,0,0,0
0d830a11b8441bcc4c8af73130b137cbab1f1b98,1547595549,1,1,1,0,30,3,0,2,3.28,1275,49,1,1,1,FALSE,0,0,0,2,0
dda6ee71b7a028cf216f1714a0b879b3c062140d,1547595500,3,3,3,0.0643306,1,192,0,3,0.42,242,16.33,743,406.34,157.667,FALSE,0,0,0,0,0
11e9ed9e730bfc14477d4987b038d140231e1cb8,1547595430,0,0,0,0,0,0,0,0,0,0,0,742,405.34,0,FALSE,0,0,0,0,0
ad545ea72c2d6a915b6af487686b5ac1d4fa73f7,1547595279,0,0,0,0,0,0,0,0,0,0,0,741,404.34,0,FALSE,0,0,0,0,0
d9fe7a5a507eecb8a477d83b87daed8236a8cee8,1547595214,0,0,0,0,0,0,0,0,0,0,0,740,403.34,0,FALSE,0,0,0,0,0
7fc4254a0ec7aff4c86ce265e3b4a415faf599d6,1547594429,1,1,1,0,42,19,0,2,3.26,1275,49,0,0,0,FALSE,0,0,0,0,0
1b24f1b57c2996b9e7273fd13fb43379cf6dd382,1547594291,0,0,0,0,0,0,0,0,0,0,0,739,402.35,0,FALSE,0,0,0,0,0
74f6403f856456276db7bacada11bdd0d7867a68,1547559708,1,1,1,0,3,1,1,2,6.6,1266,48,0,0,0,FALSE,0,0,2,1,1
18584f9b660b50c8de6d20e1365ae18d39a840ee,1547558944,3,3,3,0.0643306,192,1,0,2,2.2,211,16,0,0,0,FALSE,0,0,0,0,0
3ef2e93aac00a109d918953636a1530459567952,1547526275,1,1,1,0,3,3,0,3,0.04,1470,50,6,6,2,FALSE,0,0,0,0,0
8b9f6974fc9fbc4b9fe23394f312110afe0b00c5,1547524929,1,1,0,0,0,0,0,0,0,0,0,5,5,3,FALSE,0,0,0,0,0
5c0a2f8037632572cb581f2ea2202b1df56e4d17,1547522840,1,1,1,0,103,103,0,3,0.02,1470,49,4,4,1,FALSE,0,0,0,0,0
5800d44ce43fb31f9ffa391c73a4c0e5d924e238,1547522823,1,1,0,0,0,0,0,0,0,0,0,3,3,2,FALSE,0,0,0,0,0
3cd9056f37d4876a946aefc4048dcd5912ca6410,1547521234,1,1,1,0,452,248,0,2,6.16,1266,48,2,2,0,FALSE,0,0,0,0,0
06f7e9b291254da1a8dc69491756fb36ae8f9699,1547521134,1,1,0,0,0,0,1,0,0,0,0,1,1,1,FALSE,0,0,0,0,0
e0d5de20a1fe52cf82e5813cc03807ae07c68558,1547521014,1,1,0,0,0,0,0,0,0,0,0,0,0,0,FALSE,0,0,0,0,0
012e52c94591d03276d369c2607e21b994daab51,1547500256,0,0,0,0,0,0,0,0,0,0,0,738,402.13,0,FALSE,0,0,0,0,0
4a988779513def9576f221c9e76293f9a91662b7,1547500230,1,1,1,0,1,1,1,1,2.18,4065,78,737,401.13,317,FALSE,0,0,0,0,0
fdb7c7a83124760ff2c6bb0848b7316fd485ec0e,1547377288,1,1,1,0,55,0,0,0,0,0,0,736,401.16,316,FALSE,0,0,0,0,0
350007bae1cca2001b875e49a8740cc4c2e99d7d,1547376910,0,0,0,0,0,0,0,0,0,0,0,735,400.16,0,FALSE,0,0,0,0,0
2aa6fbe48a933740336aa078723d6f18e26ff3c7,1547376802,0,0,0,0,0,0,0,0,0,0,0,734,399.16,0,FALSE,0,0,0,0,0
880dfa32096517d5dfd5d6c6db9ecbd3e77c81ed,1547375685,0,0,0,0,0,0,0,0,0,0,0,733,398.17,0,FALSE,0,0,0,0,0
70de08e83c542af2f02e8c9a0305d85f0021d977,1547375462,0,0,0,0,0,0,0,0,0,0,0,732,397.17,0,FALSE,0,0,0,0,0
4073db5f52f07c794b595deb74ba3f769a316a84,1547336176,1,1,0,0,0,0,1,0,0,0,0,0,0,0,FALSE,0,0,0,0,0
042d50234ec0978d8ddb6c06ee52f010e2f248b5,1547312357,1,1,1,0,21,12,0,2,3.74,1266,48,0,0,0,FALSE,0,0,0,4,0
0d745f273471fb6161a67ab95c8b2cd759c56b07,1547311776,1,1,1,0,2,2,1,1,0.2,4065,77,0,0,0,FALSE,0,0,0,0,0
c384ad41f52a5585da601cee8b2f4ac3876ff8cf,1547294837,0,0,0,0,0,0,0,0,0,0,0,731,396.83,0,FALSE,0,0,0,0,0
4cd7ae4ec38e479cf40a222c1e275a4297e44db3,1547294659,0,0,0,0,0,0,0,0,0,0,0,730,395.83,0,FALSE,0,0,0,0,0
287743b323adca42d4da844f1cd9134af985f772,1547294570,1,1,1,0,1,1,1,1,0,4065,76,729,394.83,315,FALSE,0,0,0,0,0
8e19aae1440c3a234e774054f749220085edcad7,1547294514,1,1,1,0,186,1,0,1,0.93,3880,75,728,393.83,314,FALSE,0,0,0,0,0
1f357d1a01ca6ef9bf91b1ba98f284b3bca80e01,1547228251,1,1,1,0,1,1,1,1,2.72,657,67,727,393.37,412,FALSE,0,0,0,0,0
c441bc8fd965849169f1aacaf57f40cf4c06a573,1547228172,0,0,0,0,0,0,0,0,0,0,0,726,392.37,0,FALSE,0,0,0,0,0
648c10a1bfa414d74b3b3803ce0af61bf497aae4,1547215069,0,0,0,0,0,0,0,0,0,0,0,725,391.48,0,FALSE,0,0,0,0,0
666b9868d3d79bcbafcf1979f09f033e85b7f92e,1547214139,0,0,0,0,0,0,0,0,0,0,0,724,390.48,0,FALSE,0,0,0,0,0
78f87dd341650b04bb5517268cf3125f3957b76d,1547213944,1,1,1,0,3,0,0,1,2.59,3877,73,723,389.49,313,FALSE,0,0,0,0,0
63201f5e90aab4b4b1f16bf787b7ae171195d1b9,1547150466,1,1,1,0,1,1,1,1,1.85,3877,73,0,0,0,FALSE,0,0,0,0,0
717d735047d8234ac17e72a5492b41f5cd1392be,1547039993,0,0,0,0,0,0,0,0,0,0,0,722,389.88,0,FALSE,0,0,0,0,0
2b5da8957b69de2315559be8b9cc505c5d6abb48,1547031962,1,1,0,0,0,0,1,0,0,0,0,721,388.94,312,FALSE,0,0,0,0,0
66afb9930f31bcfc3839add3aafce30c10b0917e,1547031841,1,1,0,0,0,0,0,0,0,0,0,720,387.94,311,FALSE,0,0,0,0,0
a3b1a280eb3c14bbf16d0ff1d15123a13562a1b5,1547030570,1,2,0,0,0,0,0,0,0,0,0,719,386.95,310,FALSE,0,0,0,0,0
59bb89033348d0efb25b6a746ed0f9f241ca5443,1547030513,1,1,0,0,0,0,0,0,0,0,0,718,385.95,309,FALSE,0,0,0,0,0
47970691f75209d1e58854c05f012fdc2bdcba32,1547028822,0,0,0,0,0,0,0,0,0,0,0,717,384.97,0,FALSE,0,0,0,0,0
5596a56349b183d634b41c115949904a67d2df73,1547028647,0,0,0,0,0,0,0,0,0,0,0,716,383.97,0,FALSE,0,0,0,0,0
e2e3ece064a74ba2edadbf9b50d210113e4d11c9,1547028554,0,0,0,0,0,0,0,0,0,0,0,715,382.97,0,FALSE,0,0,0,0,0
9ab0b07df9682cd2f279a0bf729f91a943444077,1547027817,0,0,0,0,0,0,0,0,0,0,0,714,381.97,0,FALSE,0,0,0,0,0
8c7185e00d95eeae0e996e0ac00e251fa9ec06ec,1547025972,1,1,0,0,0,0,0,0,0,0,0,713,380.99,0,FALSE,0,0,0,0,0
cf0173cab144c9b1503e71db3229542530dbafdb,1546993294,1,1,1,0,2,2,0,1,0,657,66,712,380.24,411,FALSE,0,0,0,0,0
b47b3c741bb932c47ceec890c87b3dcc7703c176,1546993257,1,1,1,0,8,0,0,1,0.05,649,65,711,379.24,410,FALSE,0,0,0,0,0
36809431036c1602c6e44fe38086392a39c305ab,1546990328,1,1,1,0,4,1,0,1,0.01,3874,72,710,378.26,308,FALSE,0,0,0,0,0
d8f9b50d11bc39abf01112f666f942c5206d410a,1546989708,0,0,0,0,0,0,0,0,0,0,0,709,377.27,0,FALSE,0,0,0,0,0
6109551d572c7931a859c01617397047c42208b4,1546989674,1,1,0,0,0,0,0,0,0,0,0,708,376.27,409,FALSE,0,0,0,0,0
7e2590c4376e7cd1b22f75bbf37df34a4947df86,1546989562,1,1,0,0,0,0,1,0,0,0,0,707,375.27,408,FALSE,0,0,0,0,0
9a006297d61c7a41969613d9b2c99e7ac7b1e7ff,1546989494,0,0,0,0,0,0,0,0,0,0,0,706,374.27,0,FALSE,0,0,0,0,0
00fc93c4e7ce5f0928b290472b6d3942e37d2116,1546989373,2,9,44,0.245439,2761,830,0,1,168.41,316.02,7.05,705,373.27,357,TRUE,0,1,46,5,8
85916b36024bdbf52480be8b98c3528752f5a238,1546989273,2,2,4,0.270944,102,41,1,2,2.11,948.25,13.75,704,372.27,52.5,TRUE,8,2,12,114,18
34e782ae2e2c178c1c644959c5497a52262f6ffe,1546989145,1,7,34,0.327697,9870,0,0,0,0,0,0,703,371.27,0,FALSE,17,0,78,404,100
2a5da21da5e20bdbbfec8b9f26f60465167c88be,1546988846,1,1,1,0,1,1,1,1,0,649,54,702,370.27,406,FALSE,0,0,0,0,0
7bf76743250615f385dceb926344871782e82f23,1546988759,2,5,3,0.217745,69,65,0,1,0.14,1801.67,44.67,701,369.27,355.5,FALSE,0,0,0,0,0
3753e8c59af2a9409b8754fad2845a0f1645706a,1546984291,2,3,2,0.328725,38,24,0,1,0.07,758.5,27.5,700,368.31,354.5,FALSE,0,0,0,0,0
b4ea0b265fe9a50600e68a6e17c49bcafe15af42,1546977830,2,3,2,0.306675,78,94,0,1,0.18,766.5,27,699,367.35,353.5,TRUE,0,0,3,0,0
1f32c694bea541bd28bd9f802f043e931f48e433,1546964939,1,1,0,0,0,0,0,0,0,0,0,698,366.45,402,FALSE,0,0,0,0,0
75535d61d11d2bcd3cf32fbe7cfd670daa8f908d,1546962227,2,5,44,0.72901,153,129,0,1,158.36,367.98,8.45,697,365.47,352,FALSE,0,0,4,0,0
49495c573a1582b86d970a5620e4c064b548e9d3,1546961477,1,1,0,0,0,0,0,0,0,0,0,696,364.47,400,FALSE,0,0,0,0,0
2345ba16cc3e19af331d2e7a73e647360263e6d1,1546961414,1,1,0,0,0,0,0,0,0,0,0,695,363.47,399,FALSE,0,0,0,0,0
bf7c4f29b3228bcc79005c2f9d1ad64260d322a9,1546961281,1,1,0,0,0,0,0,0,0,0,0,694,362.47,398,FALSE,0,0,0,0,0
96400d6825be610594337bb341ad7fcad343336e,1546961273,1,1,0,0,0,0,0,0,0,0,0,693,361.47,397,FALSE,0,0,0,0,0
eba04163c90f8f3871489791975e263487845c93,1546959593,2,3,2,0.251463,9,3,0,1,0.22,751.5,26,692,360.49,349,TRUE,1,0,0,0,0
74e5eca8fd7c53ceaf9d53f10a06afa8bb3fbd55,1546950652,1,1,0,0,0,0,0,0,0,0,0,691,359.55,395,FALSE,0,0,0,0,0
c257f1de3b7120083b0ac4248f497d8c34afefa8,1546950613,1,1,0,0,0,0,0,0,0,0,0,690,358.55,394,FALSE,0,0,0,0,0
fa795081e9f7226ba3c9d1165dc758f338ad21fb,1546950405,1,1,0,0,0,0,0,0,0,0,0,689,357.55,393,FALSE,0,0,0,0,0
f0af15da571242d193918c96ad804055e5ffb919,1546950291,1,1,0,0,0,0,0,0,0,0,0,688,356.55,392,FALSE,0,0,0,0,0
66807683863d78f53959d07e1f1230a5ecb32926,1546950099,1,1,0,0,0,0,0,0,0,0,0,687,355.55,391,FALSE,0,0,0,0,0
5fde57d096801c44dc64a434ad9f5dd905530a9a,1546946054,2,2,1,0,1,1,0,1,0.02,3874,82,686,354.58,345.5,FALSE,0,0,0,0,0
800246101d0b346e923f48025a7fe13dfadceead,1546944211,1,1,1,0,8,8,0,1,0.74,3874,81,685,353.59,300,FALSE,0,0,0,0,0
88d5e7626cae89a21225e759eaad95f377291a29,1546942272,2,3,1,0,3,3,0,1,0.05,875,32,684,352.61,344,FALSE,0,0,0,0,0
447a1df6f16507aa6e20a075fccb39667bf5ac6b,1546939650,2,2,0,0,0,0,0,0,0,0,0,683,351.63,343,FALSE,0,0,0,0,0
9abb9c000b0bb03c113ec6e72ec575690639b5e7,1546939303,2,2,1,0,33,27,0,1,0.01,622,48,682,350.63,342,TRUE,0,0,0,0,0
f1bf7fadd51c2cf6c31fec2612e5c92e45aa41a4,1546938274,2,2,2,0.57938,3,3,0,1,0.75,748.5,24.5,681,349.64,341,FALSE,0,0,0,0,0
2b948fbb249bcbb7ecca9858ee667eb9a2d98fbf,1546909818,1,1,0,0,0,0,0,0,0,0,0,680,348.83,385,FALSE,0,0,0,0,0
26741b712b1faeec099fbf0bdb1ee629983de7ec,1546909733,1,1,0,0,0,0,0,0,0,0,0,679,347.83,384,FALSE,0,0,0,0,0
1ea6a86be03ec3a9c8eec3087e9a0884066426e1,1546909559,1,1,0,0,0,0,0,0,0,0,0,678,346.83,383,FALSE,0,0,0,0,0
43fca1925383545d2528721b7e87c949cc5ef8f3,1546909424,1,1,0,0,0,0,0,0,0,0,0,677,345.83,382,FALSE,0,0,0,0,0
0cfaf25df22b34e1d10a73c2346c720b1b252910,1546909389,1,1,0,0,0,0,0,0,0,0,0,676,344.83,381,FALSE,0,0,0,0,0
ae756bf82f9ebfae078df1a615c006d8b0baf5b5,1546909164,2,2,0,0,0,0,0,0,0,0,0,675,343.83,337.5,FALSE,0,0,0,0,0
6b7d78c540eef525a453d570b160cfedca93ebdc,1546908576,2,2,0,0,0,0,0,0,0,0,0,674,342.83,336.5,FALSE,0,0,0,0,0
f6ba928eb0ce02f18df335402e966ed0551cedef,1546908343,1,1,0,0,0,0,0,0,0,0,0,673,341.84,378,FALSE,0,0,0,0,0
1aed1f41de5b9fd25fc939cbb4a580b65fa09f58,1546907861,1,1,0,0,0,0,0,0,0,0,0,672,340.84,377,FALSE,0,0,0,0,0
7b182cfe5d2448e79a1f4ad7969316393e0d7bb4,1546907793,2,2,0,0,0,0,0,0,0,0,0,671,339.84,334.5,FALSE,0,0,0,0,0
21920f9345edef1e2928f9f4b9c6202b54e92039,1546904439,1,1,0,0,0,0,0,0,0,0,0,670,338.86,375,FALSE,0,0,0,0,0
18725b290295108ba1157eca3c1e9f25bae82d30,1546904282,1,1,0,0,0,0,0,0,0,0,0,669,337.86,374,FALSE,0,0,0,0,0
edc962d86b51d861dc70324c9ec7635983c72733,1546903938,1,1,0,0,0,0,0,0,0,0,0,668,336.86,373,FALSE,0,0,0,0,0
7fb7fe44dc29a6307713ab54dc378512ca9a8da9,1546903815,1,1,0,0,0,0,0,0,0,0,0,667,335.87,372,FALSE,0,0,0,0,0
f3c038dcc56e4ca08a25cde724d40cd014d8dfce,1546903003,1,1,0,0,0,0,0,0,0,0,0,666,334.87,371,FALSE,0,0,0,0,0
be6b1ac50341cec519714f2a4793d9c003df7f4f,1546902660,1,1,0,0,0,0,0,0,0,0,0,665,333.87,370,FALSE,0,0,0,0,0
a6d5704937f8955cbd934ab74f347089955ab5cd,1546902515,1,1,0,0,0,0,0,0,0,0,0,664,332.87,369,FALSE,0,0,0,0,0
8e641e4652593dc0fe716505a509093b830b1a85,1546902285,1,1,0,0,0,0,0,0,0,0,0,663,331.88,368,FALSE,0,0,0,0,0
eb7d8f9b8fe12bab4f49af0114caaae0a1874bd3,1546901510,1,1,0,0,0,0,0,0,0,0,0,662,330.88,292,FALSE,0,0,0,0,0
7636a516e03123dd466c1a6a5246b94a19673057,1546901163,1,1,0,0,0,0,0,0,0,0,0,661,329.88,291,FALSE,0,0,0,0,0
a3083f490fa406a5aafbe919f8d60021409ddf94,1546901074,1,1,0,0,0,0,0,0,0,0,0,660,328.88,367,FALSE,0,0,0,0,0
d1f49f3dec7981f96caaf9f28ddfd0f35730b8ff,1546900996,2,2,0,0,0,0,0,0,0,0,0,659,327.88,328,FALSE,0,0,0,0,0
1d17e040cdafcbfc02c8e393dd51fb120bca5b23,1546900928,1,1,0,0,0,0,0,0,0,0,0,658,326.88,289,FALSE,0,0,0,0,0
816d082b4bf2793090b190386a129a00fd6a9155,1546900909,1,1,0,0,0,0,0,0,0,0,0,657,325.88,288,FALSE,0,0,0,0,0
3bf9cd8b965b5687f9f0a576a6dfa162afe5995f,1546900804,2,2,0,0,0,0,0,0,0,0,0,656,324.88,326,FALSE,0,0,0,0,0
ea891ee0aeb5fb087aa9f96fdf180416b228a391,1546899759,1,1,0,0,0,0,0,0,0,0,0,655,323.89,364,FALSE,0,0,0,0,0
fdcb70b74f61bfc50b32f5537d7b3170273071b3,1546899711,1,1,0,0,0,0,0,0,0,0,0,654,322.89,363,FALSE,0,0,0,0,0
f85c625311b157545f80b161ff746f7c8e183591,1546899353,1,1,0,0,0,0,0,0,0,0,0,653,321.89,286,FALSE,0,0,0,0,0
cd855935a909889d2a480b5438882995e84f0c64,1546898572,2,2,0,0,0,0,0,0,0,0,0,652,320.9,323.5,FALSE,0,0,0,0,0
cfeeb801dfe40f50666705982257bca88f2098b8,1546897382,1,1,0,0,0,0,0,0,0,0,0,651,319.9,361,FALSE,0,0,0,0,0
be9208306aae2eadca76d510bdfe65df180222d5,1546897258,2,2,0,0,0,0,0,0,0,0,0,650,318.9,322,FALSE,0,0,0,0,0
7ed0f46969368400c71bee7e210f7aa4c34ba130,1546897139,1,1,0,0,0,0,0,0,0,0,0,649,317.91,283,FALSE,0,0,0,0,0
016ecd248969ff1f063c7a1879707445434d58cd,1546881276,2,2,0,0,0,0,0,0,0,0,0,648,317,320.5,FALSE,0,0,0,0,0
1822dd65954e8bf99a169bfdc3b68b306ab4ab31,1546880725,1,1,0,0,0,0,0,0,0,0,0,647,316,358,FALSE,0,0,0,0,0
0514bffd9ec4e3685bc103f3fda5e7e0d33a7041,1546880394,1,1,0,0,0,0,0,0,0,0,0,646,315,357,FALSE,0,0,0,0,0
b40b0c1671acc28c7080dd018d1e4e3e89bdcccb,1546880073,2,3,0,0,0,0,0,0,0,0,0,645,314,318.5,FALSE,0,0,0,0,0
a39b2a9932db0a13892222ccacb979d550d846a8,1546879985,2,4,2,1,3,1,0,1,0.11,2373.5,53,644,313,317.5,FALSE,0,0,0,0,0
470fee84a3f5ddf395c20481e31562b080211c8d,1546874932,1,1,1,0,144,201,0,1,0.05,3931,79,643,312.03,279,FALSE,0,0,0,0,0
fa92c8b873291d51e23c66168d829533772340fa,1546870736,3,5,6,0.208767,182,66,1,2,0.06,1293.5,22.33,642,311.06,127,FALSE,8,2,12,114,18
5e9b84b4f8f5fd5844c2eed7e32c8f090d00faad,1546866551,2,2,2,0.674494,3,13,0,1,0,752.5,23.5,641,310.08,315.5,FALSE,0,0,0,0,0
0d8929928ecbdee61bbbe87073ea1d91e109f9b8,1546866341,3,9,6,0.401228,73,788,0,1,68.73,1021.17,21,640,309.08,223.333,TRUE,0,1,20,8,8
13f98ed4d66354c20ffa6a27d5f03db527067117,1546863550,3,3,5,0.50337,22,17,0,2,0.02,817.2,12.6,639,308.09,125.333,TRUE,8,2,12,92,18
8546eca6d5270d5288f87cd6ce84b6a8e3f188eb,1546861447,3,3,5,0.362784,68,28,1,2,0.61,809.2,12.4,638,307.11,124.333,FALSE,8,2,12,92,18
e722ea6cff43fffbde8c0044e850fbdff00255cf,1546811122,1,3,2,0.135173,83,21,0,1,0.58,2035,39,637,306.38,273,FALSE,0,0,0,0,0
30d35690bdcadac4a330e1f7dadda314e3de4865,1546808205,3,3,5,0.286914,73,84,0,2,3.15,811,12,636,305.39,123,TRUE,8,2,12,100,18
31dd24de2e06638d6ec5351850873972cb091bc2,1546806940,1,1,1,0,234,0,0,0,0,0,0,635,304.4,271,TRUE,0,0,0,0,0
92d372164a585ae16032cb7da74d601e8beedbbd,1546806931,1,1,1,0,18,30,0,2,5.22,1259,49,634,303.4,54,TRUE,0,0,0,4,0
902d3e80b367725367f6358f06622d49ed1e4622,1546806870,3,3,5,0.213037,289,95,1,2,0.85,766.6,10.8,633,302.4,121.333,TRUE,8,2,12,104,18
9b95491805f2c131ee0ec96f48886d219fb7678d,1546715166,1,1,3,0.424947,22,16,0,2,105.44,856,12.33,632,301.88,40,TRUE,8,2,12,92,18
643a0d39fb467bccd800400f8d859813e0b23b7f,1546715103,1,1,1,0,8,5,0,2,31.33,1256,45,631,300.88,52,TRUE,0,0,0,0,0
ae700246653fb304c0cc79ba8722491f365a4810,1546714615,1,1,1,0,124,101,0,1,0.03,3817,75,630,299.88,269,FALSE,0,0,0,0,0
cbe4a6a8b613f23a4077a0a8b481e7adc03e7d8e,1546712106,2,4,4,0.165002,506,180,0,1,40.28,1307.75,29.5,629,298.9,310,FALSE,0,0,3,0,0
c7cd0494da02c61486093cd73c5c5a4336563676,1546463513,2,4,2,0.228024,47,51,0,1,0.3,739,22,628,299.18,309,FALSE,0,0,0,0,0
bb4c3e79ab9d09b226ed64379ef5783773dcc64d,1546437786,2,4,2,0.132969,52,43,0,1,0.1,734.5,21.5,627,298.31,308,FALSE,0,0,0,0,0
a18d294886be77019727acf186de4defc993f7ca,1546429101,2,6,3,0.532753,331,46,0,1,0.85,1555,38,626,297.36,307,FALSE,0,0,4,0,0
dd07fe18882f1b525dbe893024d59b88cd51d35a,1546356065,1,2,1,0,0,188,0,1,8.88,3489,72,625,296.73,264,FALSE,0,0,0,0,0
02dcf269db52d4b27b154e0a1ce52cea7b048825,1546356052,4,5,6,0.58471,39,28,0,2,14.03,864.33,15.83,624,295.73,175.25,FALSE,8,2,14,92,18
fd23b2d06be26351b39d0f361b807f85ac0ac80a,1546279691,3,4,3,0.0408476,263,124,0,2,8.12,826.33,28.33,623,295.11,219.667,FALSE,2,0,14,0,0
0b2cf42123fcf58e69bee56b11cb5814f332954e,1546193405,2,3,1,0,58,56,0,1,0.05,524,38,622,294.55,303.5,FALSE,0,0,0,0,0
be23ed4250c4d1cf9943e6c763d013e8ae97529a,1546188932,2,4,2,0.303772,106,149,0,1,0.03,632,19,621,293.57,302.5,FALSE,2,0,2,0,0
909672009dc9a7ad7795ad9fe29c1eba05af979b,1546186578,2,4,2,0.273867,225,154,0,1,2.24,596.5,18.5,620,292.58,301.5,FALSE,0,0,1,0,0
5b89423d1d8efb773d16f2883b6fb568ce5ec9f7,1545993230,2,3,2,0.57938,4,5,0,1,0.42,597,18,619,292.54,300.5,FALSE,0,0,0,0,0
791906d6b68cb8c19ecb4935d2fee682e47e5f04,1545956982,2,4,2,0.0521748,12,13,0,1,0.04,597.5,17.5,618,291.72,299.5,FALSE,0,0,0,0,0
58369d0ddf6faa62ee7509cfe5d3b11895769846,1545953382,2,4,2,0.768606,122,81,0,1,1.59,577,17,617,290.74,298.5,FALSE,0,0,2,0,0
eac94142857a9f2adacf31f490c9c6313d0d656b,1545816151,2,4,4,0.459897,246,77,0,1,79.01,369.75,14.25,616,290.42,297.5,FALSE,0,0,0,0,0
87c43bccbc8df1b2cdd7116c68f7122b49c02035,1545588790,2,6,3,0.628805,90,48,0,1,54.49,1530,34.33,615,290.53,296.5,FALSE,0,0,3,0,0
9b89c0042906f9511212e63e5868622cf256f033,1544352329,3,6,3,0.215864,46,33,0,2,3.26,780.67,25.33,614,295.74,213.333,FALSE,1,0,0,0,0
e74f517cb92984cbea7a9b62f469b712080994b7,1544101729,2,3,2,0.489908,22,26,0,1,1.08,545,15,613,296.03,294.5,FALSE,0,0,2,0,0
e567b0486010cafa9a6bec0f5195bc7c8a8a3ae6,1544008048,2,3,2,0.666107,18,17,0,1,2.46,544.5,14.5,612,295.51,293.5,FALSE,0,0,1,0,0
bec2f5eb08194201febba2906fd9a9b1a5c42193,1544008029,1,1,1,0,1,1,1,2,74.1,1256,44,611,294.51,48,FALSE,0,0,0,0,0
6d642a5c00bb403c0170853193f310c38cdf032d,1544007923,2,2,4,1,4,4,1,2,74.1,956,13.5,610,293.51,42.5,FALSE,8,2,12,92,18
443cf2e6a75307cc862c32e005ab07af91abdb9d,1543795848,2,4,2,0.291317,81,67,0,1,4.26,537.5,14,609,293.58,292.5,FALSE,0,0,0,0,0
f56bfab71c683c6495534ac87e984fec8ed27cba,1543427559,2,4,2,0.959293,107,68,0,1,1.25,518,13.5,608,294.46,291.5,FALSE,0,0,0,0,0
0442e734bb39ef409f5a2f806bd4b9216aa562ce,1543319745,2,5,2,0.292203,419,240,0,1,12.89,428.5,13,607,294.01,290.5,FALSE,0,0,4,0,0
9a28d2f765783a7d6fde1fadc07d9d3accb99c64,1542206427,2,4,3,0.237886,44,34,0,1,2.48,327.33,8.33,606,298.81,289.5,FALSE,0,0,3,0,0
6a4ba24c2b5fab2fde5d4259ef1c622d767fc141,1542021670,2,3,2,0.097504,34,50,0,1,0.51,236,11.5,605,298.79,288.5,FALSE,0,0,0,0,0
c091fc9cacc175352ebd08cbb5320aa77c2b5a8c,1541977725,2,4,4,0.630705,368,62,0,1,14.78,210,5.75,604,298.02,287.5,FALSE,0,0,0,0,0
4c169c0b0291033f71f78470e92a080e524e4517,1541835899,2,2,2,0.169252,9,8,1,2,-59.65,500.5,96,0,0,0,TRUE,8,2,14,94,18
00fe6ceb5c80a84847819d323a8519d6de27929a,1539520223,1,2,0,0,0,0,0,0,0,0,0,603,310.64,244,FALSE,0,0,0,0,0
082648f637587378afa0a1aeb22c304d261aba3b,1539423957,3,4,2,0.88249,289,78,0,1,8.76,314.5,11,602,310.2,204,FALSE,0,0,9,0,0
520659a9b60273859e954ac20fab59ee4d2ba9d0,1538666890,2,4,3,0.888803,244,54,0,1,6.73,182.67,7,601,313.65,285,FALSE,0,1,0,3,6
228ac4c9672fdaf0fe0479d48e2b40ca6d30c0cd,1537795240,2,3,2,0.0890105,99,38,0,1,5.41,243.5,10,600,317.93,284,FALSE,0,0,7,0,0
d82acd45b326e13844355293cc84cd161b428033,1537623336,0,0,0,0,0,0,0,0,0,0,0,599,317.99,0,FALSE,0,0,0,0,0
b70be3b296513361e235943608e18fa471ef4951,1537605460,2,2,4,0.531669,7,16,0,2,0.01,958.25,12.5,598,317.1,41.5,TRUE,8,2,12,92,18
2efea4a3c6138cbfd418f9c26f237c75e886e793,1537604929,2,2,4,0.257608,16,157,0,2,0.01,993.5,12.25,597,316.1,40.5,FALSE,8,2,12,108,18
5216fa8aa19691160c4138bd8f4429fdf6eec183,1537604478,3,3,5,0.530864,22,12,1,2,4.86,813.4,9.6,596,315.1,106.333,FALSE,8,2,12,94,18
17434d9fc1839c79d2eb63649408e09d97f3ccea,1537350080,1,3,4,0.456518,84,69,0,1,0.76,248.25,3.25,595,315.66,239,FALSE,0,0,5,2,2
c748e9a5fdc48122be5d36022488d3d9fb53b288,1537305281,3,5,3,0.127799,210,17,0,1,0.35,135.67,6.67,594,314.93,201,FALSE,0,0,8,0,0
4d8b8901a74ac1af570d066e644c2d2fde1274c4,1537281785,3,4,2,0.831495,94,36,0,1,0.18,112.5,8.5,593,314.07,200,FALSE,0,0,3,0,0
ca4e3b80882297228a9c7855501cb04f3c860a79,1537266698,0,0,0,0,0,0,0,0,0,0,0,592,313.16,0,FALSE,0,0,0,0,0
38c70548eccfbde487eee6c745b4f78249772f69,1537266658,1,1,3,0.780639,7,1,0,2,4.03,885.33,11,591,312.16,34,TRUE,8,2,12,95,18
7758bc0c178400ec3e87793eeed9e4b272c0dd03,1537266608,2,3,3,0.701397,427,202,0,1,12.35,74.33,5.33,590,311.16,280,FALSE,0,0,2,0,0
42ff3bbf70ebecba09439dd797d1ca7f4a76a2e7,1537263386,0,0,0,0,0,0,0,0,0,0,0,589,310.18,0,FALSE,0,0,0,0,0
8b527bd4cd5592bcb9ce189c3139a36fb8ed3310,1537263315,1,1,2,0.210758,7,7,0,1,0.01,280,5.5,588,309.18,235,FALSE,0,0,0,0,0
08bdc5a62667d533e09c4f73d824099631934ade,1537262192,1,3,4,0.886939,19,0,0,1,1.22,202,2.5,587,308.19,234,FALSE,0,0,0,0,0
886ae42ab3134fb117fa61a292fd80a7d9625fec,1537204763,1,1,1,0,21,27,0,1,0.02,415,7,586,307.53,233,FALSE,0,0,0,0,0
f2b512972e0f0dc549d4eb910d302680420cafd1,1537203828,1,1,1,0,1,1,1,2,0,1303,40,585,306.53,43,TRUE,0,0,0,2,0
9486b5103961ba991995e7583685c5eca00b7efa,1537203519,1,1,1,0,3,0,1,2,3.3,1300,39,584,305.53,42,TRUE,0,0,0,1,0
e593913df02e4176d17ce4f3c3fa64165ef956ea,1537203141,1,2,3,0.108515,387,132,0,1,1.39,146.67,2.67,583,304.54,232,FALSE,0,0,0,0,0
f7dcde090e2910751ee7be7d8363fdb24cff470a,1537029878,1,2,1,0,235,10,0,1,0.16,73,5,582,304.54,231,FALSE,0,0,0,0,0
d2702b8d4576441abe1178124ca1ea92b8a85e28,1537016195,1,3,3,0.657601,161,64,0,1,1.02,79,2,581,303.62,230,FALSE,0,0,0,0,0
5dbab078f5574a61e8c103743c3c66fcb43a6636,1536939512,1,1,1,0,78,32,0,1,0.22,106,2,580,303.06,229,FALSE,0,0,0,0,0
9639b9d2514a4ffb32ad9686509f1b93a064ff20,1536920481,1,1,1,0,4,4,0,1,1.08,106,1,579,302.17,228,FALSE,0,0,0,0,0
24672c8a9e450083e9a577b8666b2cb746ca110a,1536918169,3,3,5,0.280115,206,22,0,2,3.16,774.8,8.8,578,301.18,100.333,TRUE,8,2,12,106,18
815944819d4bbbf3c213ba9a31c092d6417961e1,1536847154,1,1,1,0,1,1,0,2,4.18,1274,37,577,300.58,40,FALSE,0,0,0,0,0
0d3001783707888794b1ac5ecadf266fac008121,1536827507,1,1,4,0.168892,119,11,0,1,3.41,92.25,1.25,576,299.7,226,FALSE,0,0,0,0,0
ffed3a107faaea79a3b5b686783bae6c1589ccc1,1536486145,1,1,3,0.188495,146,12,0,1,1.2,196.33,1.33,575,300.63,225,FALSE,0,0,0,0,0
063b1a8b8ef5a475aee8f011ee03d904bb905a92,1536486135,3,3,5,0.168975,131,111,0,2,3.13,802.8,10,574,299.63,98.3333,FALSE,8,2,12,97,20
e0b31cc55cfbf80f5d3030898b26e5706e4159c3,1536330913,2,2,4,0.574139,26,30,0,2,0.44,487.75,8.75,573,299.51,130.5,FALSE,0,0,0,6,0
0d06d837821c146bba74a9ff48ef73171f471e57,1536316919,2,2,3,0.520427,104,47,1,2,1.13,603,11.33,572,298.59,129.5,FALSE,0,0,0,5,0
f5048fd13fd7c4bf826114f3fbdf77db2039f699,1536219366,3,3,8,0.189438,154,548,1,2,7.05,631.88,7.12,571,298.14,96,TRUE,8,2,12,88,16
7b445c7521200f1a9bb611cfb550629bd896fd46,1536087957,3,3,13,0.299754,2588,84,0,2,23.88,333.15,3.62,570,297.88,95,TRUE,8,2,12,93,16
c9b8c568c4a143255ffd942b2e573d651bf566b4,1534151435,1,1,1,0,426,0,0,0,0,0,0,569,308.23,219,FALSE,0,0,0,0,0
0dd7d2adbb4db0281473914194738de4fe66ea51,1534092796,1,1,0,0,0,0,0,0,0,0,0,568,307.59,37,FALSE,0,0,0,0,0
29a3530c3f131311087f6b814fd3b8f5af00f5c3,1534065853,2,3,2,0.0815564,43,23,0,1,0.78,248.5,10.5,567,306.75,179.5,FALSE,0,0,0,0,0
4c08ee41553fa11302a99d38264245d4be2b3d14,1534001461,1,2,2,0.025061,227,223,0,1,0.07,264,9.5,566,306.14,35,FALSE,0,0,14,6,0
da45e243c77fce97e6e38d482aee388f2ac51b3d,1533995606,2,3,3,0.483656,98,42,0,1,0.21,225,6.33,565,305.17,178,FALSE,0,0,3,3,0
2b8055dcb1f4d6fb1ddb59d1a385f3ad94b4374c,1533977938,1,1,1,0,2,4,0,1,0.01,200,13,564,304.28,321,FALSE,0,0,0,0,0
a1fc1ff027a43852a335af6fe5b2b86c9fec701b,1533977090,0,0,0,0,0,0,0,0,0,0,0,563,303.28,0,FALSE,0,0,0,0,0
840c65f6b47b95deebb0484155d02a63ffb5d1c3,1533977067,2,2,3,0.446736,11,6,0,1,0.39,224,5.67,562,302.29,176.5,FALSE,0,0,0,0,0
e71f4aa8e00ac9712bd3bed67c91c53f6e73ba37,1533977024,2,2,4,0.371615,28,25,1,2,0.45,939.75,9.25,561,301.29,31.5,TRUE,8,2,12,78,16
207f83094b455faa63b1c51efcc46aaea76f8066,1533943307,2,3,3,0.341082,49,22,0,1,0.06,215,5.33,560,300.48,175.5,FALSE,0,0,0,0,0
177fa4e5cb4bd13080b680eec0f2ad0b7b04f37e,1533938263,0,0,0,0,0,0,0,0,0,0,0,559,299.51,0,FALSE,0,0,0,0,0
824dd9a149bf2ef41fd0828e76e17e26e50dbd87,1533938253,4,4,5,0.412057,43,18,0,2,6.69,394.4,9,558,298.51,150,FALSE,0,0,0,0,0
f250c6dbb4f9471b7266c7aa7e94b81fb352f313,1533938216,2,2,4,0.382217,23,26,1,2,0.39,940.5,9,557,297.51,30,TRUE,8,2,12,78,16
c22893e5b917923adf11fe1612aead04f028f74c,1533937049,1,1,1,0,1,2,1,1,2.47,3492,70,556,296.52,217,FALSE,0,0,0,0,0
a6a37d28c0c561edd439d2b6c4b2c1c45980c002,1533936738,2,3,3,0.13646,63,30,0,1,0.41,202.33,4.67,555,295.52,173.5,FALSE,0,0,0,0,0
a3e1eb971350a49e16161f83ae8c53f29b3b51ed,1533904684,0,0,0,0,0,0,0,0,0,0,0,554,294.7,0,FALSE,0,0,0,0,0
ac69afce8c8061fb1e41e5d63d23c4da49762def,1533904631,2,2,4,0.33807,33,36,0,2,2.1,941.25,8.75,553,293.7,29,TRUE,8,2,12,78,16
3d25268f590b7346685c9ac5ca1fe3ca1b3950b2,1533904015,2,3,2,0.177031,35,14,0,1,0.11,144,4,552,292.71,172.5,FALSE,0,0,3,0,0
a1b9bcbe401a49f19f835e5598c1d946d4b4f6b5,1533894725,0,0,0,0,0,0,0,0,0,0,0,551,291.76,0,FALSE,0,0,0,0,0
2191df0decb6adf091dcac93b168c6c627b135c9,1533894698,2,3,3,0.51919,128,14,0,1,0.79,157.33,4,550,290.76,171.5,FALSE,0,1,2,5,8
06038686e4c40aed7c19636c414e9ceece9bf3ae,1533826280,2,3,3,0.652805,29,9,0,1,1.14,150.67,3.67,549,290.14,170.5,FALSE,0,0,0,0,0
ae53e489683d52732132dbd3350bfbbdf15d812a,1533723481,1,2,1,0,1,1,0,1,0.01,3492,69,548,289.71,216,FALSE,0,0,0,0,0
ad20c2b0851a8203bf7a0647906595d04a3c3ffc,1533722857,3,3,5,0.299442,68,13,0,2,0.04,1440.4,19.4,547,288.71,90.3333,FALSE,8,2,12,78,16
bb040fb7d4005cce77655e0293b915a302bb052e,1533719550,1,1,1,0,6,6,0,1,0.01,3440,67,546,287.73,214,FALSE,0,0,0,0,0
5a9e4407ef73b51c8c23cdb67459b25a168b2149,1533718900,3,4,6,0.350304,97,45,1,2,1.41,1201,15.83,545,286.74,89,TRUE,8,2,12,78,16
2def2af7e0bfc9e5dd4b8ba00b66d6e796c54d4a,1533679048,2,3,2,0.364213,62,8,0,1,0.31,199,5,544,285.95,169.5,FALSE,0,0,2,0,0
e78f187754f36453aa4f84260cc8ff8ab9fdb5a2,1533652318,2,3,2,0.210758,14,14,0,1,13.71,199,4.5,543,285.1,168.5,FALSE,0,0,1,0,0
7049f5dfbd73749e31b9edc931f4e7c06882f35e,1533572374,3,5,6,0.0706617,199,50,0,2,15.45,1222.17,15.83,542,284.53,88,TRUE,8,2,13,78,16
72eef8601d0a7ccc7f3805cd040ea4334b173819,1532592213,1,2,1,0,36,39,0,1,0.67,273,8,541,288.9,24,FALSE,0,0,0,0,0
075914ee65cf3f9b769e16e905e422fba421ed69,1532534081,2,3,4,0.133379,20,15,0,2,1.38,699,7.5,540,288.23,23,FALSE,8,2,12,78,16
9dafdad019017c09c9fb4ede35b4954d918c55a2,1532512235,0,0,0,0,0,0,0,0,0,0,0,539,287.35,0,FALSE,0,0,0,0,0
a7be8f43c0de7f92e91d2d749ffd6bdec3336b42,1532436048,1,1,1,0,1,1,0,1,0,69,14,538,286.77,311,FALSE,0,0,0,0,0
7099884d136fa0664c5348d15fc8e76f49d8903e,1532435947,2,2,4,1,4,4,0,2,40.72,649.25,8.25,537,285.77,166,FALSE,0,0,0,0,0
b9840807d9c22ad116a32964eb2eb4c33315941d,1532435888,2,2,3,0.83897,9,2,0,2,2.01,1251,10,536,284.77,24,TRUE,0,0,0,0,0
7c3658f54f99bfc041b94812cba2c31a32b1e52d,1532351216,1,2,1,0,1,1,0,1,0.05,266,6,535,284.23,22,FALSE,0,0,0,0,0
305f52bfd654c960b3f31588a3cc34d6984c9cae,1532346834,2,3,4,0.540297,18,3,0,2,0.76,695.25,6.5,534,283.26,20.5,FALSE,8,2,12,78,16
0a6c5197bdf21a9c10a036fa6d565ad659b99311,1532345333,1,2,1,0,12,12,0,1,0.03,261,4,533,282.27,20,FALSE,0,0,5,0,0
a084533c365e1ae772f94b3b32ae9b940b362eff,1532342879,2,3,2,0.208498,67,39,0,1,0.13,180.5,1.5,532,281.28,164,FALSE,0,0,0,0,0
07efdec503bb4683ee1f8ad01ec207d21d309a79,1532331568,0,0,0,0,0,0,0,0,0,0,0,531,280.34,0,FALSE,0,0,0,0,0
152c31416fa3926a469baddfce25736723f99fb2,1532331553,2,3,2,0.742003,108,88,0,1,0.72,170.5,1,530,279.34,163,FALSE,0,0,1,0,0
1848660131ce3066af70a2254b03f298259e6f49,1532269281,2,3,2,0.606951,156,87,0,1,12.12,136,0.5,529,278.67,162,FALSE,0,0,4,0,0
d21a829aae9631bc95107126540d1d083ba09286,1532269228,2,3,3,0.194315,199,67,0,2,1.36,471.33,14,528,277.67,118.5,TRUE,0,0,2,0,0
e33a86448817d3218538310a942903370303ffd6,1532259402,1,1,1,0,4,41,0,1,158.82,1030,151,527,276.72,210,FALSE,0,0,1,4,3
364ec62614688295656380869c84f43a088503be,1532259370,3,3,5,0.264159,226,81,1,2,4.03,789.6,5.8,526,275.72,84.3333,TRUE,8,2,12,78,16
2ea295d4dcc6d4769151f904276f607db3c6c1d4,1531929558,0,0,0,0,0,0,0,0,0,0,0,525,276.44,0,FALSE,0,0,0,0,0
43f3b8a72813c11d0da5d93bbf7a2e3ec1367e3d,1531929524,1,1,3,0.193665,57,51,0,2,1.04,825.33,6.33,524,275.44,18,TRUE,8,2,12,96,16
c197aa688a51c929a3bb35a837c989049c97d1d0,1531929444,1,1,1,0,5,69,1,2,0.01,1280,22,523,274.44,24,TRUE,0,0,0,6,0
5f478f84cde020d4fce223662b44db6d305f5d69,1531928996,1,1,1,0,16,2,1,2,0.03,1266,21,522,273.44,23,TRUE,0,0,0,0,0
8704a83ae7cb776ca85fdbf103516bccbab96e23,1531926302,2,2,2,0.222239,101,46,1,2,0.7,694.5,19,521,272.46,115,TRUE,0,0,0,16,0
8fdff5a4f40890d1aa28411df71bf0878bf78335,1531865648,2,2,2,0.377073,14,3,1,2,53.98,689,18.5,520,271.76,114,TRUE,0,0,0,0,0
ca8d43a2e109e605d6156427b70b0d41935a51b4,1531864361,0,0,0,0,0,0,0,0,0,0,0,519,270.77,0,FALSE,0,0,0,0,0
55942ade732cd370f9468c9bb923ed6a22599467,1531839365,3,5,7,0.200374,40,77,0,2,3.11,1077.29,12.29,518,269.9,81,TRUE,8,2,12,82,16
53c46874cc1765f6fa76f8b93e591fea22bb681f,1531822176,1,1,1,0,109,7,0,1,0.97,140,1,517,268.98,205,TRUE,0,0,0,0,0
5f3e90370406108988b198fa163e92c48ac5d7a1,1531738449,3,3,8,0.314274,269,182,0,2,28.85,487.12,8,516,268.4,79.6667,TRUE,8,2,12,104,16
7afd8937753bf2687410affc8e1efc94503e0b33,1531651864,3,3,5,0.505879,21,14,0,2,0,744.6,4,515,267.83,78.6667,TRUE,8,2,12,78,16
0f66de49c4c5a9c2b14de502e72908abc9c5f152,1531651695,2,2,4,0.330434,37,37,0,2,0.01,905.75,4.75,514,266.83,15.5,FALSE,8,2,12,78,16
98ebaa416b209ea3999893f21cb6e5e73cebeb78,1531650895,3,3,5,0.376041,48,34,0,2,0.03,741.8,3.6,513,265.84,77,TRUE,8,2,12,82,16
41f88c01ff67ec4d9a6deb322c42abbb4b15a83f,1531648433,2,2,4,0.570591,13,7,0,2,0,902.75,4.25,512,264.85,13.5,FALSE,8,2,12,80,16
28e5109efd145f7f4cfbb449c8fc3fe5cfc61db5,1531648332,3,3,6,0.163082,103,5,0,2,27.81,631.67,4.83,511,263.85,75.3333,FALSE,8,2,12,82,16
8730fb9367bf117d5aeb704c348d148226c237c5,1531222124,2,5,2,0.615054,272,0,0,0,0,0,0,510,264.93,161,FALSE,0,0,9,0,0
77cd168b74788d94d37849554783b4a2d11c30e5,1531222093,0,0,0,0,0,0,0,0,0,0,0,509,263.93,0,FALSE,0,0,0,0,0
ece1968a8168b20af09208a6729b6e0feff77c12,1531222079,2,5,2,0.615054,0,272,0,1,0,136,12,508,262.93,160,FALSE,0,0,9,0,0
16ed29e12eb0f65991ecc5ef3bec85f56abb4948,1531221921,2,4,2,0.57938,0,399,0,1,75.93,199.5,9,507,261.93,159,FALSE,0,0,3,0,0
a8a37497bb28aa65b1879c4bb952d1a2fc559ae8,1531221863,2,3,2,0.569309,75,71,0,1,0.99,134,11.5,506,260.93,158,FALSE,0,0,4,0,0
abf5009b289ef0cf7a842512eb20a0eeaea1fa16,1531215033,0,0,0,0,0,0,0,0,0,0,0,505,259.96,0,FALSE,0,0,0,0,0
85a8cfe2f772b3438df297d2e665a3ea48f7790d,1531214878,2,2,4,0.239138,70,12,0,2,0.67,886.75,3.75,504,258.96,11.5,FALSE,8,2,12,78,16
1a59a9dc66161370867826fb9cc0480160fa480c,1531214702,1,1,0,0,0,0,0,0,0,0,0,503,257.96,200,FALSE,0,0,0,0,0
982f005c55d9f31a904b9b7e8d437851e8b74b5d,1531214665,0,0,0,0,0,0,0,0,0,0,0,502,256.96,0,FALSE,0,0,0,0,0
90bd49093e779bdad5c526ae3eb9ee7bd66eb5ec,1531212978,0,0,0,0,0,0,0,0,0,0,0,501,255.97,0,FALSE,0,0,0,0,0
a4d9a6d39f20dc0c093cfd18a456548b89b10bad,1531212870,0,0,0,0,0,0,0,0,0,0,0,500,254.97,0,FALSE,0,0,0,0,0
d19207fb7394a41e79a925776be652f8599657e7,1531211490,2,2,2,0.0628815,23,19,0,2,0.67,637,8.5,499,253.98,105.5,FALSE,0,0,0,0,0
14c93d74c375163da2a91f99d4b91eb19e939fd4,1531153532,2,2,2,0.693395,39,8,0,2,69.1,621.5,8,498,253.24,104.5,FALSE,0,0,0,0,0
9c7c1b6241a5233d5b0369230297bb53815e48b1,1531139031,0,0,0,0,0,0,0,0,0,0,0,497,252.3,0,FALSE,0,0,0,0,0
515d52f4f057bda29631ea724bb4b4e24e1ced75,1531138984,2,2,4,0.827729,4,1,0,2,0.61,878.75,3,496,251.3,9.5,FALSE,8,2,12,78,16
c311eaefae5aef349482f8f5fc8163ec821eec6f,1531136240,1,1,1,0,0,20,0,1,70.95,20,2,495,250.32,9,FALSE,0,0,0,0,0
009ef0dbdc2161fbe4618a6a09f83d967fd56c9c,1531136189,2,4,2,0.565843,136,298,0,1,65.13,215,6,494,249.32,157,FALSE,0,0,11,0,0
272da11921e3db4be91fc8f6f79b8fc8391ff673,1531131165,0,0,0,0,0,0,0,0,0,0,0,493,248.34,0,FALSE,0,0,0,0,0
a4bc5ee59b301f95a3ad6da89d302ad0d075cfd7,1531130198,1,2,1,0,9,7,0,1,0.06,3335,60,492,247.34,197,FALSE,0,0,0,0,0
565e2523971d9106e36146ec4a82bb00237a91cd,1531128284,1,1,0,0,0,0,0,0,0,0,0,491,246.35,196,FALSE,0,0,0,0,0
f1913ec1e9c59f4c736b60752c0221d04ae545fe,1531125426,1,2,1,0,7,9,0,1,0.38,3337,59,490,245.36,195,FALSE,0,0,0,0,0
0362fcf31359d3b9110d766c64e81c647361c6d8,1531094146,1,1,0,0,0,0,0,0,0,0,0,489,244.5,194,FALSE,0,0,0,0,0
145a57fa0b52c838c13cbe2c558b36a6a6b127e1,1531092167,1,2,1,0,50,13,0,1,0.01,3300,58,488,243.51,193,FALSE,0,0,0,0,0
a47b5cb39d80e1a55f86df158482e5606d2e5e04,1531090871,1,2,1,0,14,1,0,1,0.02,3287,57,487,242.51,192,FALSE,0,0,0,0,0
f38ef2b7c939d790b52c8eedbe1e86a0493aa4b8,1531089470,1,3,2,0.0471338,9,46,0,1,72.66,1798.5,28.5,486,241.52,191,FALSE,0,0,2,0,0
ebf212d0105c3b697aca1208a1ea0d5c3bb546c5,1531086372,2,2,4,0.145201,55,21,0,2,0.07,1412.5,15.75,485,240.53,99,FALSE,8,2,12,78,16
8014ccf44f760d309db8f9bb90dee09ac0ffb2d1,1531084941,3,3,5,0.410452,12,16,0,2,0.2,722.6,2,484,239.54,68,FALSE,8,2,12,78,16
b798630c0df74aa101f66689c94c157e6b8644e3,1531067524,3,5,6,0.23753,326,237,0,2,62.61,1135.67,10.5,483,238.61,67,TRUE,8,2,16,90,16
6abcffd6cefc2f4141df0bc64761e5fe4b87f2f8,1528709887,1,1,1,0,1,1,0,2,42.86,1132,5,482,247.6,6,FALSE,0,0,2,1,0
12438f588947312e3128cbcc4dffa93f457264d6,1525508769,2,2,2,0.734496,26,19,0,1,4.76,211.5,5.5,481,261.6,156,FALSE,0,0,2,0,0
0aaaa1240f491c7ad1677311c49aa36f53595ab1,1525102821,1,1,1,0,6,6,0,1,0.02,290,10,480,262.64,10,FALSE,0,0,0,0,0
34c5b2f0a0642dd95ae58d1222cf0bf518baabc3,1525101075,1,1,1,0,3,2,0,1,0.1,289,9,479,261.65,9,FALSE,0,0,0,0,0
a6a4705188a633b7fd885b112912cf2a3c4ead14,1525092286,2,3,2,0.080239,45,22,0,1,4.99,199.5,4,478,260.69,154,FALSE,0,0,1,0,0
c342a6a56188df8bff3defa8c652ea4e675d77cc,1525006613,0,0,0,0,0,0,0,0,0,0,0,477,260.12,0,FALSE,0,0,0,0,0
d0d87aac80fd84772f160c513dd216f92f9f91ae,1525006563,1,1,1,0,8,8,0,1,28.27,20,1,476,259.12,5,FALSE,0,0,0,0,0
56e7c13151660662de4ef8f16e9841cfd64749ec,1525006409,3,3,5,1,5,5,0,2,63.66,704.4,8.4,475,258.12,65.3333,FALSE,8,2,12,76,16
48515b88f74a103e38609ea89fd8265e0f6c1e55,1524661521,2,3,2,0.115431,40,32,0,1,51.06,195.5,3.5,474,258.81,153,FALSE,0,0,4,0,0
69131dc2a9fee58de6a9a986015a78341a15deca,1524395338,0,0,0,0,0,0,0,0,0,0,0,473,259.13,0,FALSE,0,0,0,0,0
3e48e203a523987044320af71c5e747ba04c450a,1523453515,1,1,0,0,0,0,1,0,0,0,0,0,0,0,FALSE,0,0,0,0,0
7066526e52b96f73372fbe57158b13427111284b,1523187509,0,0,0,0,0,0,0,0,0,0,0,472,264.26,0,FALSE,0,0,0,0,0
48ce8d371caf5cdb711e0deccecb1a304dc37302,1523187462,0,0,0,0,0,0,0,0,0,0,0,471,263.26,0,FALSE,0,0,0,0,0
864a733d0536115610dd9ca6440e7abeb45025aa,1523054567,1,1,0,0,0,0,1,0,0,0,0,1,1,1,FALSE,0,0,0,0,0
12310eb6806ae8c394061c88b5351489ace0e510,1523023457,1,1,0,0,0,0,0,0,0,0,0,0,0,0,FALSE,0,0,0,0,0
67d691e911b7bd8e5d73f840f97696982fbc7a0c,1522563705,2,2,2,0.368404,24,2,0,1,20.83,81.5,8.5,470,265.51,94.5,FALSE,0,0,0,0,0
80938628a7b87ebfd0f6a1354f35d4a802ce5f51,1521200101,1,2,1,0,10,1,0,1,22,245,6,469,271.88,6,FALSE,0,0,3,0,0
8913d9c4c9efb96058f48e53f4ce5c8883bc6184,1519836357,0,0,0,0,0,0,0,0,0,0,0,468,278.68,0,FALSE,0,0,0,0,0
69a3398fea46a84073a63a9748d9f2bc8dba0df4,1519664297,0,0,0,0,0,0,0,0,0,0,0,467,278.7,0,FALSE,0,0,0,0,0
54efd0c18a3df9b639acd49f3c4872be13ed250e,1519664261,0,0,0,0,0,0,0,0,0,0,0,466,277.7,0,FALSE,0,0,0,0,0
632f59aaa1aba697b13f0c12d188f5ae279b0553,1519641259,3,3,5,0.376784,22,6,1,2,8.81,715.4,2.6,465,276.83,63.6667,FALSE,8,2,12,76,16
a2f3a72224f527af449b8c6294a6e5d5dff87015,1519299441,2,3,2,0.47756,17,4,0,1,0.69,184.5,2.5,464,277.84,151.5,FALSE,0,0,1,0,0
0e168ae170ac61170542a4624637f950c639b280,1519240248,2,4,2,0.245559,31,18,0,1,0.15,178,2,463,277.19,150.5,FALSE,0,0,2,0,0
c40a92c1cbc0a565c9ace4a5bd1f026a7794d76c,1519227530,3,4,3,0.127576,41,501,0,1,0.24,301,2.67,462,276.26,161,FALSE,0,1,5,3,6
385425527dbbcd51c7c03607f43b65768a08d1c7,1519207205,3,5,3,0.152356,122,114,0,1,1.36,298.33,2.33,461,275.38,160,FALSE,0,0,0,0,0
037872319020968705c370b8d0e0880ba3a006b3,1519152745,3,5,3,0.160827,437,151,0,1,3.25,1295.33,18,460,274.7,159,FALSE,0,0,5,0,0
34d426edcf67e356fa5a96fe8e3b5f177af960e5,1519039318,2,4,2,0.908646,522,0,0,0,0,0,0,459,274.36,146.5,FALSE,0,1,3,3,6
2087db1b7dcea2c3a875e1efd6b0e84f1e38cae6,1518964592,2,6,19,0.298959,13,1128,0,1,22.41,166.58,5.26,458,273.79,236.5,FALSE,3,0,17,0,0
65120268e952961292987944fa24ba3e2177e218,1518963480,1,3,4,0.222116,609,2,0,1,1.23,53.75,2.5,457,272.8,180,FALSE,0,0,1,0,0
a827f6c12f4b742d07fea7bdbef9360057acad6d,1518963209,2,2,4,0.345341,61,4,0,2,4.91,848.25,1.25,456,271.8,2,TRUE,8,2,12,76,16
998db6d97e18d9f420f6370ec254cedb1e274cde,1518717950,1,2,1,0,50,24,0,1,1.97,299,15,455,272.21,179,FALSE,0,0,0,0,0
26c19ff18dd159e3f0a1f3b70920090f1a9f6878,1518547626,1,2,23,0.488457,75,912,0,1,61.48,124.39,5.04,454,272.2,178,FALSE,0,0,0,0,0
cd2a406a43a246fdf74427878288c0c9f7313535,1518539016,2,2,4,0.670968,15,47,0,2,0.06,578,22,453,271.25,146.5,FALSE,4,0,6,42,8
eff8e974c651efbc59d41b687b8b3faf4d48fba8,1518538761,2,2,4,0.26592,9,6,0,2,0.02,586.5,3.25,452,270.25,145.5,FALSE,0,0,0,0,0
4484988c0865ee93c271a09428a22b0423d8dcd8,1518537794,0,0,0,0,0,0,0,0,0,0,0,451,269.26,0,FALSE,0,0,0,0,0
2ab0da721c84dcbf94bcb4a703457e8d61f56016,1518537272,2,8,29,0.184132,4255,1513,0,1,144.18,293.72,2.48,450,268.26,233,TRUE,24,0,74,766,180
61b07c902200f3e06e9c80695db502f11aa37e12,1518537262,3,3,5,0.20691,973,575,0,2,43.62,612.2,2.2,449,267.26,96,TRUE,12,2,20,128,16
d233e1f531b242067da23918a589ee6c7956fe9a,1518518187,0,0,0,0,0,0,0,0,0,0,0,448,266.37,0,FALSE,0,0,0,0,0
5b5cbd6053ed77da75d24a51f215f2b748e17f5a,1518517968,2,3,3,1,4,2,0,1,0.02,1547.67,81.33,447,265.37,231.5,FALSE,0,0,0,0,0
11e5d1516467cb2a06184f06f645ad23bd15be3d,1518517595,1,1,2,0.0445446,28,30,0,1,11.5,108.5,4.5,446,264.37,175,FALSE,0,0,0,0,0
53d595e8aa50f64f073aa10d541c15a9b60b5f26,1518517420,2,8,34,0.231878,5801,1719,0,2,169.27,256.74,6.21,445,263.37,230,FALSE,32,0,132,832,192
0bc42b0bd37e8afc931df6a9794d1ef222eea057,1518516635,2,2,2,0.045376,22,35,0,1,14.83,614.5,101,444,262.37,229,FALSE,0,0,0,0,0
0c67c45eec14ee5773e8d00d1eb069690e2e0312,1518513421,1,1,1,0,5,5,0,1,0.52,3364,49,443,261.39,172,FALSE,0,0,0,0,0
770d4dfee35365fd1f164661e0f67a9b57a52329,1518468888,1,1,1,0,22,22,0,1,2.19,32,83,442,260.63,284,FALSE,6,0,8,66,4
d80b92b28bafa9b49e328cdfac0aaf755d637487,1518468724,1,1,0,0,0,0,0,0,0,0,0,441,259.63,283,FALSE,0,0,0,0,0
3068336806b1f1aa12476f571fb0a8e2c9d22a60,1518468630,1,1,1,0,14,14,0,1,0.06,3364,48,440,258.64,171,FALSE,0,0,0,0,0
35ac765c0fd0118636676a636181a8b1582b897a,1518463248,1,1,1,0,3,2,0,1,0.01,3363,47,439,257.66,170,FALSE,0,0,0,0,0
92802576c8fd743e13e2061c25427b0c47dc1e51,1518462417,1,4,3,0.176697,38,57,0,1,7.19,1218.33,15.67,438,256.67,169,FALSE,22,1,14,14,7
f253338821d29026b197a519b3a801239a4176eb,1518456974,1,1,1,0,4,4,0,1,0.13,1139,200,437,255.7,282,FALSE,0,0,0,0,0
f0125cc17448f338e0515350fc7c57cd6771eb5c,1518456955,1,2,1,0,352,233,0,1,0.16,3260,45,436,254.7,168,FALSE,0,0,0,0,0
af0b4c63a9f19836d3648fb7a76d4fd53655b736,1518446143,1,1,1,0,2,1,0,1,0.03,1138,199,435,253.75,281,FALSE,0,0,0,1,0
547c26693d3b329d919487b73d06c0bb0224a933,1518443423,1,3,2,0.331588,262,41,0,1,176.38,1627,24.5,434,252.77,167,FALSE,0,0,0,0,0
8bdc3b6f32253e8caaec345bfc0346af1fa32c27,1518443174,1,1,1,0,6,5,0,1,0.82,1137,198,433,251.77,280,FALSE,0,0,0,2,0
b1521d315160bff73fa2ccb1b6380e5b947d0639,1518373503,1,2,2,0.205194,31,12,0,1,1.08,1550.5,29,432,251.13,166,FALSE,0,0,0,0,0
f41dec92ae47b8553c0e9134623809ae96976e61,1518372466,1,1,1,0,2,2,0,1,1.06,1137,197,431,250.13,279,FALSE,0,0,0,1,0
63614c17198b8a968afdbc3c7c6afa8d960b3c10,1518281088,1,1,1,0,4,3,0,1,0.01,3005,42,430,249.6,165,FALSE,0,0,0,0,0
a9fe938ab2d883c1997e9ea918bc3b5ecd964cac,1518280796,1,1,1,0,2,3,0,1,0.01,1138,196,429,248.6,278,FALSE,0,0,0,0,0
6f1ed20cc2900c3622ecc5d7092a936346cdd240,1518280630,1,2,2,0.127043,10,12,0,1,0.46,1640.5,21,428,247.6,164,FALSE,0,0,0,0,0
cde7c55400ec8aa3cfae607edd101f35c057e2be,1518279581,1,3,3,0.156104,45,46,0,1,9.63,1055.33,18.33,427,246.61,163,FALSE,0,0,0,0,0
cb5c1d4083599f3319872bc625a70e8300f6836f,1518279574,1,1,2,0.896085,74,47,0,1,9.56,571.5,108,426,245.61,277,FALSE,8,0,12,83,16
51938d1b4cf4dd20dd507a9c7b6af569557a8395,1518272517,1,1,1,0,1,1,0,1,0.66,1111,194,425,244.64,276,FALSE,0,0,0,0,0
a27e89f451cde763c3bef70255cedeffe338119f,1518215179,1,1,1,0,9,6,0,1,0.15,1108,193,424,243.92,275,FALSE,0,0,0,0,0
e23a6e64825dadadb84d66a8f64ad1b1a527011b,1518202012,2,3,3,0.265335,25,33,0,1,0.88,1466,74.33,423,242.99,218,FALSE,0,0,0,0,0
ffa6c01ca967b5eda18b40a9f96157277cdd6979,1518181704,1,2,1,0,274,239,0,1,0.81,2983,38,422,242.09,161,FALSE,0,0,0,0,0
6d66e36e5469c4b29541fa09794b71479838c690,1518111514,1,2,1,0,101,116,0,1,0.04,2998,37,421,241.43,160,FALSE,0,0,0,0,0
ebce6a3f7f97ce6aa35741bba0e6751d2bb3a9ec,1518108091,1,3,2,0.105729,75,42,0,1,0.08,1619,18.5,420,240.45,159,FALSE,0,0,0,0,0
42d85e33fafd9039ce49126aaf868d4d7f02358c,1518101493,1,4,3,0.0781179,165,90,0,1,9.44,1055,12,419,239.48,158,FALSE,0,0,10,36,16
e19eba6a57e718b4c2cb56f34cbcfcef95d1acc4,1518089086,1,3,2,0.0687281,347,349,0,1,17.61,1484.5,17.5,418,238.54,157,FALSE,0,0,0,0,0
4144eb92ba91b1d14ec4a985eba339ebd8e29084,1518089073,1,1,1,0,6,12,0,1,10.74,1113,191,417,237.54,273,FALSE,0,0,0,0,0
b080dd1c2425ec9c88deb69a1fa04b2284aa3036,1517163026,1,2,1,0,76,14,0,1,0.02,2828,33,416,240.99,156,FALSE,0,0,0,0,0
4a7c4f76eb2839375449f92bfabb9b8e01cab48f,1517161311,1,1,1,0,9,4,1,1,4.34,1108,190,415,239.99,272,FALSE,0,0,0,0,0
8089251ed23eae25205b1b221e6a59b8d591c2f5,1517161219,1,2,1,0,258,155,0,1,2.06,2725,32,414,238.99,155,FALSE,0,0,0,0,0
7bf56454d9c5babb60475962077a4dc680116015,1516983217,1,2,2,0.805983,16,5,0,1,2.08,1493.5,16,413,238.85,154,FALSE,0,0,0,2,0
32ca87abf95feeb928b9b3732ecd65eea86becf7,1516820108,1,3,2,0.105729,150,71,0,1,0.35,1357.5,15,412,238.64,153,FALSE,0,0,0,0,0
29bba591e531ff0ba6bb1d2fe50117077ddbdfb8,1516793421,1,2,1,0,153,146,0,1,0.08,2627,29,411,237.77,152,FALSE,0,0,0,0,0
27730ba68f12d71399b55ef4849df1e41a4622b7,1516786274,2,7,18,0.105468,840,477,0,1,147.03,534.94,12.28,410,236.8,211,FALSE,69,2,65,824,203
c0e081b3cb10f87c25712a71a733ceb6a51c3bfb,1516643218,1,4,3,0.0610301,262,30,0,1,0.68,786,17.67,409,236.49,150,FALSE,0,0,0,0,0
7bce53ba3881b530a50d27305d2889970364023d,1516634979,2,4,5,0.158282,238,65,0,1,6.65,645.6,45.4,408,235.53,209.5,TRUE,22,1,3,33,9
02b1d091c7dbd242c71dfa6663ae2e5b53dd3e4d,1516549036,1,1,1,0,92,127,0,1,0.15,1893,25,407,234.94,148,FALSE,0,0,0,0,0
d05b08a1586390477d09841738e424ec50790234,1516536283,2,3,5,0.433714,56,17,1,1,12.51,651.6,46,406,234,208,FALSE,4,1,8,86,22
38cb29f771443b2c6a74a7044aab8670263b9c23,1516531888,1,1,1,0,2,2,0,1,0.46,140,2,405,233.02,146,FALSE,0,0,0,0,0
1dcc7e18801ca804cbd2684d4733aacfc390d04b,1516492285,2,2,2,0.507374,5,5,1,1,0.26,620,93,404,232.2,206.5,TRUE,0,0,0,0,0
0163c961622fdf1c873567155d95479dfba6268c,1516485763,2,2,2,0.310917,14,6,0,1,0.1,590.5,92.5,403,231.23,205.5,TRUE,0,0,0,0,0
660974db046844622a971370ece728fb19e9c4ec,1516484204,2,2,4,0.233795,39,33,0,1,2.29,340,53.5,402,230.24,204.5,TRUE,4,1,6,91,22
1c18b1fc552a90a7dc8ba63c697832efda7f47ad,1516470049,2,2,2,0.847128,9,0,0,1,0.02,585.5,91.5,401,229.3,203.5,FALSE,0,0,0,0,0
d98c5b183603b8363cdf210669e29ca430be5fc6,1516468413,2,2,3,0.172036,97,9,0,1,1.97,383.33,63,400,228.31,202.5,FALSE,0,0,0,0,0
156787bc707cc65d2af40f51207be05aae363aa1,1516453910,2,2,4,0.238764,169,22,0,1,8.37,317.25,46,399,227.38,201.5,TRUE,0,0,0,0,0
83ec02ee7027032e1cdb54a6aa40ca3e915d945a,1516212003,2,2,4,0.791946,21,22,0,1,1.26,378.75,46.25,398,227.47,200.5,TRUE,0,0,0,0,0
9004f566b5146c4d346e22ffa69ac809196d52e5,1516193790,2,2,3,0.348482,41,32,0,1,1.42,440,60.33,397,226.55,199.5,TRUE,0,0,2,0,0
7dd10d7faaec84586abc92864f4f0d739a013041,1516124076,1,1,1,0,1,1,1,1,0.84,1066,178,396,225.86,260,FALSE,0,0,0,0,0
5b42bd62e434ba2bb09a5dcb824580ce0bd9c75a,1516051564,1,1,1,0,0,2,0,1,0,1068,177,395,225.18,259,FALSE,0,0,0,0,0
f2731f1287fc1ba482ed88fca70f0048905da380,1516051407,2,2,4,0.143289,71,73,0,1,0.13,336.25,45.5,394,224.18,197.5,FALSE,0,0,0,6,0
49451b253f9f6d69b0cd3f178b549344c5a49065,1516041756,2,3,3,0.304339,38,29,0,1,0.31,418.33,58.33,393,223.23,196.5,FALSE,0,0,0,4,0
ae88bfc27b3a2954854ab4210533b740dc2d5f7d,1516038682,1,1,1,0,1,3,0,1,0.02,167,10,392,222.24,135,FALSE,0,0,0,0,0
5fb19335e2f44e6e4144b91d6306718eb9eeafe1,1516036872,2,2,4,0.238835,138,49,0,1,0.33,330.75,45.25,391,221.25,195,TRUE,0,0,0,2,0
a3c92f3b689d431cb5da253d55df56147133f6b6,1516012943,2,3,6,0.0848717,1072,84,0,1,0.39,234,35.33,390,220.35,194,FALSE,5,0,6,131,33
e35089f9a8fc463e99bba745f678b3ce484cf226,1515972246,2,2,10,0.276972,292,328,0,1,34.23,208.7,21.6,389,219.53,193,TRUE,4,0,4,94,24
9bc50964c0c00423166a4d49e914c0d0b803cf26,1515960982,1,1,1,0,71,29,0,1,2.39,1022,171,388,218.57,253,FALSE,0,0,0,7,0
3a052f8506b6d5e7f2998a73f5e353452b7d3967,1515754835,1,1,1,0,1,1,1,1,0,1022,170,387,218.45,252,FALSE,0,0,0,0,0
49c4ae7624fd63c82817398f0f17d3f534e3c6cc,1515754478,1,1,1,0,16,5,0,1,0.49,1011,169,386,217.45,251,TRUE,0,0,0,0,0
01e5ca941ea10ae3377e84432761f7cd5493df5b,1515712129,2,2,3,0.623047,22,13,0,1,5.75,454.67,58.67,385,216.63,190.5,FALSE,0,0,0,0,0
d0133b5907440e5b7372a405a3980d16697e48e5,1515704740,2,2,2,0.60261,15,17,0,1,19.19,529.5,87,384,215.66,189.5,FALSE,0,0,0,0,0
af4b23699ab4ab5851552720a2ab572c4e732374,1514768716,1,1,3,0.118196,2011,0,0,0,0,0,0,3,3,0,TRUE,4,2,6,97,22
998109c73f7378e18f3c14ae1e1e992f226a5367,1514768685,1,1,1,0,58,15,0,1,8.39,21,8,2,2,2,FALSE,0,0,0,0,0
d6a67495584dc42cf95bad08fc3c5566e8d72cc0,1514766037,2,2,3,0.178505,986,1041,0,1,4.06,347,62.33,1,1,0.5,TRUE,4,0,6,97,24
548e61dcd86165998abe1bb9c273a8f089a6ac16,1514763670,1,1,0,0,0,0,0,0,0,0,0,0,0,0,FALSE,0,0,0,0,0
2069c2b4e1fd38daf3f53756339091ed540c73ce,1514304368,1,1,1,0,6,9,0,1,0.75,1012,166,383,220.65,248,FALSE,0,0,0,4,0
e417f3e16d77984985dec168b37f937fb02b7bae,1514239794,1,1,2,0.720444,33,71,0,1,1.15,539.5,93,382,219.93,247,FALSE,4,0,4,75,22
4dcacd63f6ef7be767366a4eaf4e1b770ae876b9,1514236071,2,2,5,0.287849,76,61,0,1,20.68,373.4,38,381,218.94,187.5,TRUE,0,0,0,3,0
96830e293e71d08c556427166191195ba0a3104b,1514119311,1,1,1,0,15,17,0,1,0.06,1011,163,380,218.45,245,FALSE,0,0,0,0,0
c8a3e0a38b0fbab0256f856591d2baff9eb48d35,1514113860,1,1,1,0,7,7,0,1,0,1011,162,379,217.47,244,FALSE,0,0,0,0,0
8338490c08da6d05b49cc9be3a198a31277f09ef,1514113775,1,1,1,0,7,8,0,1,0.07,1012,161,378,216.47,243,FALSE,0,0,0,0,0
7ecf242881e6cb3aa1a5e84331d9f5765dec8e72,1514107645,1,1,1,0,0,1,1,1,0,1013,160,377,215.5,242,FALSE,0,0,0,0,0
30a5f5357818e44bca18e970cc40d6ba8fb67fca,1514107271,1,1,1,0,12,9,0,1,0,1010,159,376,214.5,241,FALSE,0,0,0,0,0
f1e5be280f6cf85e884eb8800d9f0fa11b4aa8ae,1514106847,1,1,1,0,1,1,1,1,0.01,1010,158,375,213.5,240,FALSE,0,0,0,0,0
1ce8c1721ae84f33b9c223298d2c4f55537e85c5,1514106107,1,1,1,0,4,1,0,1,0.01,1007,157,374,212.51,239,FALSE,0,0,0,0,0
78e040bb7f8595511ddc9950cce4d9c0861f0ef2,1514105329,1,1,1,0,85,0,0,0,0,0,0,373,211.51,128,FALSE,0,0,0,0,0
c1c95e41b89726a39fe11f3c10ce6fd1b048875c,1514105318,1,1,1,0,7,14,0,1,0.66,1014,156,372,210.51,238,TRUE,0,0,0,0,0
811c055ea6951dca3ff359f0e77bca9cdddf0072,1514048414,1,1,1,0,13,8,0,1,0.05,83,11,371,209.74,127,FALSE,0,0,0,0,0
27e286032919f577b40658f814d6c614d014c1f4,1514048409,1,1,1,0,2,0,0,1,0.05,1012,155,370,208.74,237,FALSE,0,0,0,0,0
67e115e56dfd25840862b9c9939b540c70a9dbe6,1514044119,2,4,9,0.233774,152,32,0,1,87.9,317.78,7.44,369,207.76,181,FALSE,0,0,56,2,0
46c030c129c94dfe7317ba398a8c291fe9cc1546,1514044102,1,1,2,0.657091,105,80,0,1,4.58,514.5,87.5,368,206.76,235,FALSE,4,0,6,76,27
22f858f99cba97ba40049dbf984587d846641163,1513946298,1,1,1,0,1,1,0,1,0.01,995,153,367,206.14,234,FALSE,0,0,0,0,0
34c27304b948964a0937809348cedee69f0ea809,1513945469,1,1,1,0,4,3,1,1,1.81,994,152,366,205.15,233,FALSE,0,0,0,0,0
b8dbeac9b882406067e4f1bc1888eb203300ef8a,1513789108,1,1,1,0,1,1,0,1,1.14,1891,22,365,204.76,125,FALSE,0,0,0,0,0
259c66bdc4ab847ad6a1de908494b57fb11cdd7b,1513788956,2,2,4,0.141387,23,114,0,1,0.5,326,40,364,203.76,178,FALSE,0,0,0,4,0
86704306fba5cd86224a1d5a29795578435eaa97,1513788925,2,2,2,0.961468,14,23,0,1,0.97,571.5,78.5,363,202.76,177,FALSE,0,0,0,5,0
39007cfbebea89335c051315361b84261c67146e,1513704918,2,2,2,0.961468,23,14,0,1,0.02,567,78,362,202.08,176,FALSE,0,0,0,5,0
029c50e13b5e0c2284035b46c03f44bd76f640db,1513703369,2,2,4,0.141387,114,23,0,1,43.43,303.25,39.25,361,201.09,175,FALSE,0,0,0,4,0
91c52f73550c225977bc74d91bc5481dd9946ae2,1513692341,1,1,1,0,1,2,0,1,0.01,995,147,360,200.13,228,FALSE,0,0,0,0,0
40f58f6bdff2fabbf81416b684ac0937d9f2b711,1513691763,2,2,2,0.382468,7,14,1,1,3.98,526,76.5,359,199.13,173.5,FALSE,0,0,0,0,0
199895107c33478c1c2ca34565b997cdea330c35,1513690994,1,1,1,0,1,1,1,1,3.94,1891,21,358,198.13,119,FALSE,0,0,0,0,0
e2fb5907fc6916e5ed702166fd5880b48b2af0bc,1513350864,2,2,2,0.495023,36,15,0,1,44.59,952,45.5,357,198.4,172,FALSE,0,0,4,51,13
a4dffacd47b35de6e66f031a39c633c52821fc31,1513348229,0,0,0,0,0,0,0,0,0,0,0,356,197.41,0,FALSE,0,0,0,0,0
fbd17b8966237f4241e7f6503653b04b6fac0fed,1513348174,2,2,2,0.131438,14,18,0,1,40.55,528,76,355,196.41,171,TRUE,0,0,0,0,0
abfd5bdb5b79fa8dffa05a7745ea09ce81bfaba9,1513341423,2,2,4,0.0425731,1017,31,1,1,115.35,262.25,42,354,195.43,170,TRUE,2,0,7,95,22
e2424852faf66b0c0f44845964ce49f79304712c,1512996392,1,1,1,0,1,1,0,2,0.09,1030,146,2,2,2,FALSE,0,0,0,0,0
6b64c67d72e1856ae5080ccf955d50ca1b08e25c,1512988985,1,1,1,0,6,2,0,2,0.61,1026,145,1,1,1,FALSE,0,0,0,0,0
574dd4c8e9a49d77719a2954e4cffeaca7010dca,1512936202,1,1,1,0,35,2,0,1,76.14,993,144,0,0,0,FALSE,0,0,1,4,3
8d5354ce4040881612f6449462d0b91f1835e089,1512404375,1,1,1,0,2,1,1,1,0.01,1890,22,353,197.87,115,FALSE,0,0,0,0,0
f698e5a036253b7ffcf3690e42625bac10df196e,1512403875,1,1,1,0,13,0,1,1,0,1877,21,352,196.88,114,FALSE,0,0,0,0,0
33691dbfed011eb3258cb3d3fd3bdf732275d415,1512403543,1,1,1,0,3,2,0,1,78.1,1876,20,351,195.88,113,FALSE,0,0,0,0,0
33e9eea9b5fa2c1e6d895c5d421109579f6b6a83,1509317869,1,1,1,0,1,1,1,1,34.26,993,144,0,0,0,FALSE,0,0,0,0,0
5375450ce243475d9c928433407789704a777f82,1506438087,1,1,0,0,0,0,1,0,0,0,0,1,1,1,FALSE,0,0,0,0,0
04b1acbea3ebdff9cd52c25da6a2d64f6ef3f522,1506437565,1,1,0,0,0,0,0,0,0,0,0,0,0,0,FALSE,0,0,0,0,0
ae9eb90ab66e92f89dad8f9b59e9df3928c16991,1506357974,0,0,0,0,0,0,0,0,0,0,0,350,219.95,0,FALSE,0,0,0,0,0
b14a3a963a008fed11620a031ed48284b630143b,1506357881,1,1,2,0.57938,3,3,0,1,0.11,513,81.5,349,218.95,223,TRUE,0,0,0,0,0
37c7949070b3398bf4d678ff3b24d5b04a6833ec,1506356963,1,1,1,0,2,2,0,1,0.1,95,7,348,217.95,112,FALSE,0,0,0,0,0
a1b5b0104bbd8b2749181d9b9b3e0721a077a3eb,1506348460,1,2,8,0.148786,1085,187,0,1,0.92,83.38,4.62,347,216.99,111,TRUE,0,0,3,33,9
a8c62789f13676fa016b6bf1cc5fa506e7639c89,1506348450,1,1,2,0.710806,47,35,0,1,0.53,507,81,346,215.99,222,TRUE,2,0,6,65,26
e017a4d9f355447f8428f74182d098ad9cd3b228,1506331850,1,1,1,0,5,5,0,1,0.6,981,141,345,215.07,221,FALSE,0,0,0,0,0
2032f551a05abb266a0d206db60965618448b3f5,1506279637,1,1,1,0,1,1,1,1,0.07,981,140,344,214.31,220,FALSE,0,0,0,0,0
df826311bfbfef0e9544d699e4cd6e6fb1588aa7,1506273658,2,2,8,0.347631,138,103,0,1,3.17,199.5,22.5,343,213.33,164.5,TRUE,2,0,6,73,21
515181f6314af64d25b5e027e7c5173d0ed4cc05,1506182846,1,1,3,0.276134,106,110,0,1,1.49,62.33,1.67,342,212.74,109,FALSE,0,0,0,0,0
b8e8f9972ea6993d124bab9eb79f297dd05b9d96,1506182839,1,1,1,0,133,0,0,0,0,0,0,341,211.74,108,FALSE,0,0,0,0,0
95aa3e950aa204dc9829e5e6892892f84d8ddcd5,1506182812,1,1,1,0,13,9,0,1,1.11,950,138,340,210.74,218,FALSE,0,0,0,0,0
03dd1f70aa9f0bdb34134280335003c4c8a8ba02,1506087183,1,1,1,0,24,24,0,1,0.19,29,69,339,210.16,217,FALSE,2,0,6,68,16
0df20b03294285a3beaf4f383715ad566a109edb,1506087172,2,2,2,0.27471,111,78,0,1,0.51,543,71.5,338,209.16,161.5,TRUE,0,0,0,2,0
51a2d9e7f08610e72a6c7129c42e471f7bcec7b1,1506070728,1,1,2,0.210758,12,2,0,1,0.64,486.5,77.5,337,208.23,215,FALSE,0,0,0,4,0
1489bd41395d55d5a0c0f7445a4722cea8c3a710,1506070656,1,2,3,0.205369,98,10,0,1,0.43,60.33,7.33,336,207.24,106,FALSE,0,0,0,0,0
d05090561cd61b2e36802d045017b46d801362cb,1506017303,1,1,1,0,37,51,0,1,0.32,99,19,335,206.46,105,FALSE,0,0,0,0,0
dc77861d485a585125076217a07cfc2156e1980a,1506015417,2,2,3,0.394213,68,67,1,1,0.12,368,53.33,334,205.47,159,FALSE,2,0,6,74,16
9ac2fa5a7bd08b154ca44f762236d5139e392a81,1506012864,1,1,2,0.678765,53,85,0,1,0.27,130,5.5,333,204.48,103,TRUE,0,0,0,0,0
b6d65e5aa705e661b955f097cb2b77e3154561d2,1506012831,1,1,1,0,1,2,0,1,0.27,944,134,332,203.48,213,FALSE,0,0,0,0,0
8c4678d467ce1a7e0ba01ddca51ba804c9d40ba2,1505989379,1,2,6,0.152629,1096,87,0,1,4.69,68.67,4.17,331,202.58,102,TRUE,1,0,6,68,17
59bc407e876ccdc3d26f495ccba2947bf5c30227,1505989357,1,1,1,0,24,24,0,1,3.81,29,66,330,201.58,212,TRUE,2,0,6,70,16
495f2e25bae21f8757ef29feef989581f68735a9,1505989325,2,2,2,0.101454,16,11,0,1,4.77,625.5,67,329,200.58,156,TRUE,0,0,0,4,0
a2d2b4c22bf35972d2306322cec04e717bcd3d0f,1505660834,0,0,0,0,0,0,0,0,0,0,0,328,200.94,0,FALSE,0,0,0,0,0
4cac347eb0f7c484c33816b837908ea4b350a98e,1505660657,0,0,0,0,0,0,0,0,0,0,0,327,199.94,0,FALSE,0,0,0,0,0
78942f537bb8615d5b354075c6d6c5986d0c4e04,1505660335,2,2,3,0.75,4,4,1,1,0.02,356.67,45.33,326,198.94,155,TRUE,0,0,0,0,0
77a3ee217f3db7174efba6f07026a23dea6d7144,1505659266,0,0,0,0,0,0,0,0,0,0,0,325,197.94,0,FALSE,0,0,0,0,0
5ea2a8d8903a6fa931cc68350cd31b6ba42887cf,1505658834,2,2,3,0.580805,40,29,1,1,0.03,353,45,324,196.94,154,TRUE,2,0,6,48,16
ceb1a4a265e9e3125e709751511fc5f2fb129c8b,1505657068,1,1,2,0.15876,9,9,0,1,0.02,483.5,65,323,195.95,208,TRUE,2,0,0,16,0
1fede5d3c99e47dadf15d92bad0d8c64a0b8a573,1505655422,2,3,5,0.361544,100,6,0,1,1.36,588,30.4,322,194.96,152.5,TRUE,1,0,3,35,8
b029bd2c135c89afba9f1ae82bedccad167014f3,1505652840,2,2,5,0.331525,35,72,0,1,3.45,243,32,321,193.97,151.5,FALSE,1,0,3,39,8
410bf06d0eebdb3b75ba70aafc12e5ff9cc622b5,1505494371,2,2,5,0.310211,86,53,1,1,24.12,287.2,30.2,320,193.59,150.5,TRUE,0,0,0,55,8
584278c05fd8378a96c4885a8ee7dc44dc6c9aa1,1505245727,2,2,4,0.241218,149,61,0,1,1.49,278.5,34.75,319,193.56,149.5,TRUE,0,0,0,1,0
05b17a493bdf1d81b6691f8af9e4b407284bdce6,1505074054,1,1,2,0.79687,25,15,0,1,51.21,82.5,8.5,318,193.24,94,FALSE,0,0,0,0,0
f4408cb13a338b0f6277f7e1ae7a22ebe08b047e,1505074031,2,2,3,0.646451,27,34,0,1,34.21,936.33,52.33,317,192.24,148,TRUE,0,0,0,51,8
ea5bc5148f4084b3a3f9fdbf073a4833d39cff87,1505056220,1,1,1,0,7,5,0,1,0.02,83,2,316,191.3,92,FALSE,0,0,0,0,0
f15caf91ae818ead917307d1727fe7558a6696bd,1505056206,1,1,0,0,0,0,0,0,0,0,0,315,190.3,202,FALSE,0,0,0,0,0
9c2d95c81bc4c1c68beaa4eba170a148f1bcf7f4,1505056160,1,1,1,0,2,2,0,1,0.02,942,124,314,189.3,201,FALSE,0,0,0,1,0
89e5227eb808419fdcea972a51b4f0fab63575c4,1505054679,1,2,3,0.83869,91,6,0,1,0.04,17.33,0.33,313,188.31,91,FALSE,1,0,6,66,16
f37b05a25bf0555e527440532f64eda3d909375d,1505054661,1,1,2,0.377073,19,15,0,1,0.12,483.5,71,312,187.31,200,FALSE,0,0,4,46,8
d38f7781158cad0240673de47c21bbf0e4834a6f,1505044289,1,1,2,0.097504,54,2,0,1,50.93,36,1,311,186.35,90,FALSE,0,0,0,0,0
ae2c112574f1ba2410e4a77329db44931219c795,1505044283,1,1,2,0.529349,15,14,0,1,0.06,483,70.5,310,185.35,199,FALSE,2,0,2,20,8
dfba4900c4fe7bf517bb77e1ddbedc2a60f5258b,1505039371,1,1,2,0.752723,25,2,0,1,0.81,91,2.5,309,184.37,89,FALSE,0,0,0,0,0
622ea26f2958b15105185e17dec1a7f547ec97f6,1505039358,1,1,2,0.643494,23,24,0,1,0.74,483.5,70,308,183.37,198,FALSE,2,0,4,30,12
99820877b573c5963a6d3f7ed1f27e8a331afbb6,1504975745,1,1,1,0,25,6,0,1,0.11,56,1,307,182.6,88,FALSE,0,0,0,0,0
a057d1c27dc392eb24a1cd5fe72470f4832d541f,1504975738,1,1,2,0.762174,81,26,0,1,0.14,456,69.5,306,181.6,197,FALSE,2,0,4,62,8
835872c257434e4d259430a039cd953153aa9601,1504967579,1,1,1,0,2,55,0,1,0.08,938,119,305,180.62,196,TRUE,0,0,0,0,0
e0ab3778abaf4088a60c3c147fa1f1fca27a07bb,1504967140,0,0,0,0,0,0,0,0,0,0,0,304,179.63,0,FALSE,0,0,0,0,0
bc4cb32a2712803b392e07468ff728eecce41e94,1504966548,1,1,2,0,56,0,0,1,50.48,32,2.5,303,178.63,87,FALSE,0,0,0,0,0
9b440a0e2ecd84f5b33d05b366ec64369e8baaa3,1504963506,1,1,1,0,10,0,0,1,0.03,97,2,302,177.64,86,FALSE,0,0,0,0,0
1b82d20d6396d3d2b0903f3b9d0688a4bc0f7534,1504960569,1,1,1,0,18,1,0,1,0.03,80,1,301,176.65,85,FALSE,0,0,0,0,0
395236e61dadad203783cff3460009c64707b41e,1504960557,1,1,2,0.775805,10,14,0,1,0.03,458,67,300,175.65,195,FALSE,0,0,2,14,0
28bcd414ecab551a15b17801a76254bccd7acbc3,1504957711,1,1,2,0.0308774,81,1,0,1,50.43,91.5,5,299,174.66,84,TRUE,0,0,0,0,0
5e3ce79400567e147bf49fd8b4d5fe9a4a275725,1504957702,1,1,2,0.310917,5,5,1,1,9.92,458,66.5,298,173.66,194,FALSE,0,0,2,6,0
f940a3b7bdb5bced46644df7853bd79e5f6db5c4,1504520903,1,1,1,0,49,5,0,2,36.05,898,111,2,1.82,2,FALSE,0,0,0,0,0
1c889cb899a6c766784d3d5535fa4ebf9485c07e,1504101539,0,0,0,0,0,0,0,0,0,0,0,297,175.52,0,FALSE,0,0,0,0,0
178c4b2bf2f88d50b48a79cd5c1cf53cc6a621dc,1504101442,0,0,0,0,0,0,0,0,0,0,0,296,174.52,0,FALSE,0,0,0,0,0
555420dcd6d71aef6f2318fcda5101ee8ad5bc92,1504101082,1,1,1,0,21,21,0,1,0.01,27,63,295,173.52,193,TRUE,2,0,6,61,8
2940142f3db57feb80eed27f3ac7334ec137bf69,1504100681,0,0,0,0,0,0,0,0,0,0,0,294,172.52,0,FALSE,0,0,0,0,0
785804632d6aed59f4793ee6ff25ba5c6dbd31a4,1504099884,1,1,2,0.805983,7,7,0,1,156.97,458,63,293,171.52,192,FALSE,0,0,0,15,0
a0b18b02765b005dc4f0e3376461c30db600ebdb,1503115458,1,1,1,0,1,1,0,2,2.42,889,110,1,0.99,1,FALSE,0,0,0,1,1
6fd84019befaacea982372911dc877e866deaf8b,1502906060,1,1,1,0,2,2,1,1,77.12,889,109,0,0,0,FALSE,0,0,0,2,1
1659d587dba611520ad6c89a7ee6ecfaba138cda,1501406360,1,1,1,0,8,4,0,2,0.47,894,110,1,1,1,FALSE,0,0,0,0,1
7804e4a3a6a1d069fcef697113c23b9d1418e60b,1501365952,1,1,1,0,6,1,1,1,59.3,889,109,0,0,0,FALSE,0,0,0,0,1
b9e56fbfb6a0196c7cc53ebbc08829891f41ba03,1498319077,1,1,0,0,0,0,1,0,0,0,0,0,0,0,FALSE,0,0,0,0,0
62f9489009fbab1417a852f9b6c65fb3970f62ae,1496296381,1,1,1,0,1,1,0,2,0,889,109,1,1,1,FALSE,0,0,0,0,0
255304df93e1f5419559f62f984b5c75ac6296c6,1496296292,1,1,1,0,1,1,0,1,66.66,889,108,0,0,0,FALSE,0,0,0,0,0
4d7be28f2731782e516852147370a67be5fb5f4a,1496245272,1,1,0,0,0,0,0,0,0,0,0,292,200.49,191,FALSE,0,0,0,0,0
162198c0651edf5aa090be4ac9f7ec07a3fbda37,1496243534,0,0,0,0,0,0,0,0,0,0,0,291,199.5,0,FALSE,0,0,0,0,0
ccf745eda642ac24ddfed7911550951f03d036b6,1496243486,0,0,0,0,0,0,0,0,0,0,0,290,198.5,0,FALSE,0,0,0,0,0
fd7f6e0fe4ed2c2857f284e5698973a2fe125c84,1496242754,2,4,15,0.728644,37,37,0,1,87.7,364.6,10.07,289,197.51,136.5,FALSE,0,0,0,0,0
10f82fe7952f81402875a8c19861eaa337be1ff7,1496242429,1,1,0,0,0,0,0,0,0,0,0,288,196.51,189,FALSE,0,0,0,0,0
73efa38cd6dc3f9ce1cc91a7176def1899686b78,1490888966,1,1,0,0,0,0,1,0,0,0,0,0,0,0,FALSE,0,0,0,0,0
ca59ad15c82f1c35c6a4bd29ee4404503fca545d,1490799731,0,0,0,0,0,0,0,0,0,0,0,287,222.42,0,FALSE,0,0,0,0,0
c502473431dea6a988e86c4af7196d4fbd4a65ff,1490799686,0,0,0,0,0,0,0,0,0,0,0,286,221.42,0,FALSE,0,0,0,0,0
d805ac408e1f30ea7d8ccbb47b4d6774a7c805c3,1490626259,1,1,0,0,0,0,1,0,0,0,0,0,0,0,FALSE,0,0,0,0,0
2db86c63a55fe365d353f189cf1674b215737fb5,1490538273,1,1,1,0,1,1,1,1,28.96,1838,15,285,221.88,82,FALSE,0,0,0,0,0
20b6f4b8a54328d75d13972ccb65cd7b80e16855,1490538160,1,1,0,0,0,0,0,0,0,0,0,284,220.88,188,FALSE,0,0,0,0,0
1eb868959d7b629173afaf994dbf6801615eec37,1490538072,1,1,0,0,0,0,0,0,0,0,0,283,219.89,187,FALSE,0,0,0,0,0
9331806d4d2a2b5d94f5623b163527727b3ab918,1490537782,0,0,0,0,0,0,0,0,0,0,0,282,218.89,0,FALSE,0,0,0,0,0
9a727a64f199e7ad225baccb4fc5815f5517e49b,1490537556,1,1,1,0,27,0,0,0,0,0,0,281,217.89,186,FALSE,1,0,3,33,8
f238ca0aa505af0952e6772191cea7edd0d27998,1490537328,1,1,1,0,0,27,0,1,0,27,63,280,216.89,185,FALSE,1,0,3,33,8
200a41eb0c80ad610383b61d13ec813f74c6e6b8,1490537186,1,1,2,0.173056,26,24,1,1,3.36,457,62,279,215.89,184,TRUE,2,0,6,66,16
78cacb225641f57f2ecc3a73c0409037e175b63c,1490537099,1,1,1,0,137,137,0,1,1.86,303,2,278,214.89,81,TRUE,0,0,0,0,0
a3dbe9211569a303aa64a42a68ac19d5760f10ca,1490376303,2,2,2,0.0971598,157,152,0,1,3,592.5,53,277,214.76,131.5,TRUE,0,0,0,0,0
ca9357c56c7a979f28f5213eb602be35994273e1,1490117422,2,3,5,0.2616,1287,30,0,1,9.65,179.6,24.4,276,215.17,130.5,TRUE,2,0,9,97,25
e0f1dd6e9c0b8870c1db00bc2744bbd405f27d04,1488930665,1,1,1,0,1,1,1,1,10.35,1838,15,0,0,0,FALSE,0,0,0,0,0
72271554a38e65aa197a35a695e4c38b08babe40,1488036130,1,1,1,0,1,1,0,1,0.01,1838,14,275,226.16,78,FALSE,0,0,0,0,0
502d42c53420441d4650cd0c63d435d5df2cba1b,1488035509,1,1,1,0,1,1,0,1,2.04,1838,13,274,225.16,77,TRUE,0,0,0,0,0
4d14f156cf9600a128992007d613bb0b566acc03,1488034682,2,2,2,1,2,2,0,1,0.02,550,55,273,224.17,128.5,FALSE,0,0,0,0,0
8dc0b54ab6220074177d41f7c61d481b2a9ac110,1488033346,1,1,2,1,2,2,0,1,0.02,449,60,272,223.17,180,FALSE,0,0,0,0,0
f7f16013110a33bb14212095b5a5b22f89fa6750,1488032513,2,3,2,0.734496,13,7,0,1,2,193,4.5,271,222.18,127,FALSE,0,0,0,0,0
aa1618f8ed256cb7176327cd25d17f77abef58b5,1488031859,1,1,2,0.15124,24,23,1,1,1.99,448.5,59.5,270,221.18,178,FALSE,1,0,6,66,18
5ab7c9ce0ef95a441355c85cbb06d41a9b82cca3,1487864843,1,1,0,0,0,0,1,0,0,0,0,269,221.17,74,FALSE,0,0,0,0,0
8ac2890bc2ba0c04697f2010f68d4162b99c73b3,1487864563,1,1,0,0,0,0,1,0,0,0,0,268,220.17,73,FALSE,0,0,0,0,0
164272ee8ca23ba7842667788a86bda1fb211e19,1487863335,1,1,0,0,0,0,0,0,0,0,0,267,219.18,177,FALSE,0,0,0,0,0
7218293b28e9ef86084cf93b0c266bac9cb9b355,1487862895,0,0,0,0,0,0,0,0,0,0,0,266,218.18,0,FALSE,0,0,0,0,0
363c4bc4053fc6a0d2ac71007a0d6f0d5683abce,1487860387,1,1,2,0.0238582,141,121,0,1,0.95,315.5,12.5,265,217.2,72,FALSE,0,0,0,0,0
d74c780631b77aaa2b2811ad2e71a2e2260a9d7c,1487859524,2,5,5,0.13514,45,42,0,1,0.92,486.2,4.8,264,216.2,123.5,FALSE,0,0,1,0,0
9f9ba7f0a59cabc60348471163b923c176889224,1487859505,1,1,2,0.674494,37,35,0,1,1.88,447.5,56,263,215.2,175,TRUE,0,0,4,49,8
248cc011972c635011331c2ad4ce8491e2a13083,1487787834,2,4,2,0.310917,3,2,0,1,18.1,181,2.5,262,214.62,122,FALSE,0,0,1,0,0
13d5ce9b1d6d355d3a77dd93f3e8f80ef7a3f3ba,1487779286,1,1,0,0,0,0,0,0,0,0,0,261,213.66,173,FALSE,0,0,0,0,0
1a926a47f35861c9d2c607ccc5a264cc0b84b458,1487778967,1,1,0,0,0,0,0,0,0,0,0,260,212.67,69,FALSE,0,0,0,0,0
8f19bf62cc0769adc228e07470919b8fc1c415dc,1487778899,1,1,0,0,0,0,1,0,0,0,0,259,211.67,68,FALSE,0,0,0,0,0
322f72a3186265d3d076fdfe17aa25427d4fa544,1487778884,2,2,2,1,2,2,0,1,0,997.5,7.5,258,210.67,119.5,FALSE,0,0,0,0,0
07287ade1bb73f16799cb76a06fa1b339dc7f07e,1487778673,1,1,0,0,0,0,0,0,0,0,0,257,209.67,171,FALSE,0,0,0,0,0
5671afa64ff99a8635efc00b305441748957a3a2,1487778541,2,3,9,1,18,18,0,1,0.53,361.56,5.44,256,208.67,118,FALSE,0,0,0,0,0
09c6544431bebd6e0fdae0c17616313210ed5b7e,1487776060,2,3,4,0.315935,50,21,0,1,0.44,166.75,2.5,255,207.68,117,FALSE,0,0,0,0,0
1573fcf8fa50693ef5f412e2b94716ecaca0b510,1487760588,1,3,4,0.194163,70,110,0,1,0.55,126.75,4,254,206.77,64,FALSE,0,0,1,0,0
d801957194a720c29fa0c67d14581ccccccc2bfa,1487716173,2,4,5,0.178526,205,341,0,1,0.11,178.4,2.8,253,206.01,115.5,FALSE,6,0,27,0,0
abb726d0910751fd77d0144916da214e5dc8aecb,1487704247,2,7,15,0.455655,541,628,0,1,16.78,259.87,3.07,252,205.08,114.5,FALSE,17,0,21,84,36
86f6614f3962c0c1b290ad166de556b14e1f5cc1,1487696859,1,1,2,0.190101,24,22,0,1,2.05,446.5,55.5,251,204.12,166,TRUE,0,0,6,66,16
9a86989e008431c1034bd2752078a0e4d0b7a1ce,1487686173,1,1,1,0,36,21,0,1,1.06,245,5,250,203.17,61,FALSE,0,0,0,0,0
769e11e351e22cef8ebf5bb4e9efcb7a75bbda15,1487594875,1,1,1,0,1,1,0,1,1.74,1829,8,249,202.67,60,FALSE,0,0,0,0,0
e9063038443ceaa418c067cfaa3df5074713b8ea,1487594848,1,1,1,0,15,3,0,1,33.91,233,4,248,201.67,59,FALSE,0,0,0,0,0
13857f2149d45dbb9ec3332ee2e0c85bc54f7da1,1487594839,1,1,1,0,2,1,1,1,1.8,866,99,247,200.67,165,FALSE,0,0,0,0,0
8a7db0268420c6d270242a14cd392273a16b2482,1487444794,1,1,1,0,6,7,0,1,0,24,5,246,200.47,164,FALSE,0,0,0,0,0
e097f7b56442db5281cdea857cacaa9ae7e80339,1487444610,2,2,3,0.198665,44,52,0,1,17.26,629,16.67,245,199.47,110.5,TRUE,0,0,6,68,25
1e00b03a5c35f8f504fd74e34cc69694eb225f47,1487440887,1,1,1,0,34,22,0,1,3.8,26,40,244,198.49,162,FALSE,0,0,5,68,25
1737d0a3f906394efbca9241e3059488d0d6f98a,1487440328,0,0,0,0,0,0,0,0,0,0,0,243,197.49,0,FALSE,0,0,0,0,0
278e0066cc298e73fc2151a2ee5f3835a5f5050b,1487440072,1,1,1,0,2,2,0,1,0,166,4,242,196.49,57,FALSE,0,0,0,0,0
c8de216e91afd6434b78117c455026f2589dfb99,1487439862,0,0,0,0,0,0,0,0,0,0,0,241,195.49,0,FALSE,0,0,0,0,0
0f8c1adf4f7c69523dbf71e8c537ad773bd984f9,1487439647,1,1,1,0,27,5,0,1,19.18,144,3,240,194.49,56,FALSE,0,0,0,0,0
3f30fe0ccc9ea1133a0f955513f58989288e0da7,1487439058,1,1,1,0,7,5,0,2,18.81,864,96,239,193.5,161,TRUE,0,0,2,0,0
a9a819d068e3ca26b7c1336a42e39eb5252573c2,1487118861,2,2,4,0.337959,21,29,1,1,0.07,334.75,25.25,238,194.14,107.5,TRUE,0,0,0,4,0
0d94f1968e5c8017081a5fb905072b194c6addc0,1487112609,2,2,6,0.201605,350,163,0,1,16.92,205.17,18.17,237,193.17,106.5,TRUE,1,0,2,45,10
04998d3a0610d2f462c3b87cf1d7c789067d85a0,1485814099,2,2,2,0.304941,59,2,0,1,2.84,1318,49.5,0,0,0,TRUE,0,0,1,0,0
435296ffa5fb5a475c9985229f1b79632cfdfe82,1485782593,2,2,2,0.57938,2,1,1,1,3.99,497.5,47,236,199.24,105.5,TRUE,0,0,0,0,0
b76db00dfc98f5ee23e70856b58cdb68f15d42e2,1485451943,1,1,2,0.0912722,115,4,0,1,0.08,37,3,235,200.07,52,FALSE,0,0,0,0,0
9836fcde15973116108d572b71b97fb392159362,1485438280,2,2,6,0.36155,85,34,0,1,1.67,183,17.67,234,199.15,104,FALSE,7,0,3,42,18
1901df265fd4b7305151bd4f6c2dfdce7d32e7eb,1485421856,1,1,2,0.900084,28,28,0,1,0.01,439,50.5,233,198.24,156,FALSE,2,0,2,32,0
ef04facafbc018fecc5ab98fddc11109f29d5098,1485421438,1,1,1,0,19,19,0,1,3.61,26,36,232,197.24,155,FALSE,2,0,4,67,16
012eb645c63ee47bd291334b97658bb51dabb54b,1485421406,1,1,1,0,1,1,0,1,0.47,852,91,231,196.24,154,FALSE,0,0,0,0,0
afa6f47b0217a4fec4176fb62f3ed35fa5b5e3b6,1485380863,2,2,3,0.183627,182,24,0,1,0.09,315,30,230,195.46,101.5,TRUE,0,0,0,3,0
b1d609e34533da14de806cf2f37702a65f39eb12,1485368705,2,2,2,0.122927,98,4,1,1,0.08,425.5,44.5,229,194.53,100.5,FALSE,0,0,0,2,0
932ede2653e5eefbd793db85cca638b87beb8c2c,1485354859,2,2,2,0.47756,3,4,0,1,2.84,1318,46,228,193.6,99.5,TRUE,0,0,0,2,0
ce09b678492b5471fa01a2cade21547a55686ac8,1485109526,2,2,3,0.41866,57,49,1,1,5.03,884.67,33,227,193.92,98.5,TRUE,2,0,4,74,16
66f821a5fd8a12b4b0613c0a42739e9a3a64a6c7,1484681097,2,2,1,0,3,3,0,1,0.05,1779,3,226,195.27,97.5,FALSE,0,0,0,0,0
41fc2c2df117d6d1b82643429364ba53bc395448,1484678337,1,1,0,0,0,0,0,0,0,0,0,225,194.28,148,FALSE,0,0,0,0,0
7e1ac3f22a67f9f7816482d74b7988317c89a840,1484678259,1,1,0,0,0,0,0,0,0,0,0,224,193.28,147,FALSE,0,0,0,0,0
c9125b06468e3e982fdd9faf16699818362b9a0e,1484678225,1,1,0,0,0,0,0,0,0,0,0,223,192.28,146,FALSE,0,0,0,0,0
62c95386e20c2f3600e4a2d83888e77dbba59131,1484678169,1,1,0,0,0,0,0,0,0,0,0,222,191.28,145,FALSE,0,0,0,0,0
1c49cea4ee08bb89a4ca18bb20f56d6d49eea79d,1484677187,1,1,0,0,0,0,0,0,0,0,0,221,190.29,45,FALSE,0,0,0,0,0
43ab5f0487bd2ba11dfb3b4accf66e22235b82dd,1484676689,2,4,1,0,2,3,0,1,0.05,1780,2,220,189.29,94,TRUE,0,0,0,0,0
f1c7a841dd8ce168d751c372a9861a577016f9d6,1484673775,0,0,0,0,0,0,0,0,0,0,0,219,188.31,0,FALSE,0,0,0,0,0
5dc3d5972ef98a4b6a35dfb1d98b5c1bf206a262,1484673684,2,3,0,0,0,0,0,0,0,0,0,218,187.31,93,FALSE,0,0,0,0,0
4414b6810fab6f4159b58f2bbd6afc910daf26d5,1484672370,1,2,2,0.00390342,346,256,0,1,0.09,961,0.5,217,186.32,42,TRUE,0,0,0,0,0
fd08f27e2202516b68b5057476b8ce7da0a5ca07,1484672360,1,1,2,0.691904,36,32,1,1,0.46,435.5,47,216,185.32,142,TRUE,2,0,4,66,16
4bf49b6928c2d8720960971dbd8e874aa0e1d787,1484664684,2,10,13,0.135876,3077,23,0,1,0.9,111.08,2,215,184.36,42.5,TRUE,9,0,44,167,28
186d570dbf8c58aae5bfc1bfec55f4d055c5d0f7,1484659167,2,2,4,0.102684,89,901,0,1,0.88,519.25,23,214,183.38,92,TRUE,0,0,2,31,9
2c65c78c7569d0909253ea52d9ef2dee3dfbd234,1484606467,1,1,2,0.8863,57,41,0,1,0.12,201,4,213,182.65,42,FALSE,0,0,0,0,0
e21cc3b7e58c05ac385622685fc613f8b9acf51f,1484605725,1,1,1,0,1,1,1,1,19.29,20,3,0,0,0,FALSE,0,0,0,0,0
8fc3cf06132fecaddb33c29a96fed131ffc10f0f,1484605592,2,2,5,0.368159,142,51,0,1,0.15,266,20,212,181.66,90.5,TRUE,2,0,4,64,16
2b57fc23b5ac4609c39b1460455509aa1e85b169,1484592847,1,1,2,0.41459,82,83,0,1,0.08,431,45.5,211,180.72,139,TRUE,2,0,6,72,16
8704aea964be3e974d5cb872005f5029105373ba,1484586138,2,2,6,0.428591,380,213,0,1,0.29,285.67,17.17,210,179.76,89,TRUE,2,0,4,64,16
a53a144c8bd57a154a78bb9a45bb134b4d06532a,1484580745,1,1,1,0,1,0,0,1,0,828,81,209,178.78,137,TRUE,0,0,0,0,0
c4bd995acc458b43fa2391bb842e903a4d4bef1a,1484580340,1,1,1,0,1,0,0,1,0.03,827,80,208,177.79,136,TRUE,0,0,0,0,0
4eb75e3feb5092e845843b9a2bbdd37ddf5a9da7,1484577960,2,2,3,0.354259,52,62,0,1,0.66,367,29.33,207,176.8,87,TRUE,2,0,4,64,16
3a053aad3104d9f68ddf39046580069100a6f02c,1484523196,1,1,1,0,8,17,0,1,0.12,322,5,206,176.07,38,FALSE,0,0,0,0,0
6481c68f92a142b9230045678345392373b5f400,1484523184,1,1,1,0,3,4,1,1,0.04,830,78,205,175.07,134,FALSE,0,0,0,0,0
430bddaf95d26dc4cf7de8a481e9506cbd93ea1a,1484519939,2,2,5,0.313687,71,33,0,1,1.73,287.4,18.8,204,174.09,85,TRUE,2,0,4,60,16
7eac69be067173c2928f3c536c3b5ae3a20897e9,1484512892,1,1,1,0,6,3,0,1,0.45,319,4,203,173.12,36,FALSE,0,0,0,0,0
a53ffae296af3d117fcd82e5d2c6061a936994c6,1484512687,1,1,1,0,6,11,0,1,0.45,813,76,202,172.12,132,FALSE,0,0,0,0,0
e2178c39deb4698f1657ee234853193839e14102,1484512630,1,1,1,0,825,0,0,0,0,0,0,201,171.12,131,FALSE,0,0,2,27,9
eb4c1c321ceb606867f92ffb9601dda2c6ccec42,1484473764,2,2,2,0.0518584,105,71,0,1,0.45,549,39,200,170.31,82.5,FALSE,0,0,0,0,0
16445a7a9dee121a09c8bfe1abbd541ca67f2722,1484434850,1,1,2,0.396411,29,24,1,1,1.17,418.5,41,199,169.49,129,TRUE,2,0,2,54,8
c9b92361cc296766f5c6bc523c842b28b0b04e19,1484434680,1,2,1,0,38,16,0,1,0.2,260,2,198,168.49,34,FALSE,0,0,0,0,0
f2fbe20ae9abcc3da80bb08bac89adb04b352b56,1484421810,1,1,1,0,17,9,0,1,0.04,225,2,197,167.55,33,FALSE,0,0,0,0,0
53db4f3777704d18363e16cbe00ce65e0b9c79a4,1484418522,1,1,1,0,10,6,0,1,0.01,221,1,196,166.57,32,FALSE,0,0,0,0,0
c9b4a8ee2a1bbc255f81f927bf803ad1d40ea7c3,1484417587,1,2,2,0.00533638,222,0,0,1,0.01,129.5,0.5,195,165.57,31,FALSE,0,0,0,0,0
0774a8598cc903b4f12d2dcce5be1d9f764ad2b8,1484416096,1,1,1,0,2,2,0,1,0.96,300,10,194,164.58,30,FALSE,0,0,0,0,0
09fe06f3e968a6897de0a0fa0d18d40f9a457645,1484415626,1,1,2,0.798705,259,192,0,1,0.48,96,0.5,193,163.58,29,FALSE,0,0,0,0,0
ab392d9ed8095c1cbaa63cbbec0f05caac54e8d6,1484333394,0,0,0,0,0,0,0,0,0,0,0,192,162.95,0,FALSE,0,0,0,0,0
4211920443532f99c4a52081d8c87b660aaf07d9,1484333379,1,1,2,0.0255981,195,1,0,1,0.51,149,4.5,191,161.95,28,FALSE,0,0,0,0,0
4d5a795d310bdcd2a7efe202b00540c4ea744751,1484333334,1,1,2,0.167047,22,21,0,1,1.03,418,40.5,190,160.95,128,TRUE,2,0,4,56,16
60ee2a0d6278fe74aa9940af19d551b169d700bb,1484245069,1,1,0,0,0,0,0,0,0,0,0,189,160.35,127,FALSE,0,0,0,0,0
d3c5b34e2e5beb70bbc0daa13cc7233aaf06193d,1484244580,1,1,1,0,1,1,0,1,1,26,26,188,159.35,126,FALSE,0,0,0,1,0
0d63a922f970f5dd65fedcaf4602e101557f057b,1484244524,1,1,1,0,2,2,0,1,1,810,72,187,158.35,125,TRUE,0,0,0,1,0
ab52ef76c251802670b42ca3e567c239abb6cfbf,1484244513,1,4,4,0.307391,271,121,0,1,0.01,117,2.25,186,157.35,27,FALSE,3,0,4,4,3
27fd6d9fbd6147310445782ad2d402e5fadf4a9b,1484241959,2,10,24,0.288338,8,4677,0,1,12.76,214.04,2.42,185,156.36,33,FALSE,3,0,32,159,22
a4713b6799cb4786f157ca9c19c43cd119b0674f,1484228070,1,1,0,0,0,0,0,0,0,0,0,184,155.42,124,FALSE,0,0,0,0,0
ca6418df21488540bc193d9fb7d5abcc97a813e5,1484228037,1,1,0,0,0,0,0,0,0,0,0,183,154.42,123,FALSE,0,0,0,0,0
20845ee8561601df6d2bcef7c35b61d0f8665c0e,1484228005,1,1,0,0,0,0,0,0,0,0,0,182,153.42,122,FALSE,0,0,0,0,0
7352950193760c3af480c0fba404ef4dd7a163da,1484176896,1,1,0,0,0,0,0,0,0,0,0,181,152.64,121,FALSE,0,0,0,0,0
f0a73d8ed5972d85a509d6c183d4c1b9b115332d,1484158236,1,1,2,0.431711,22,16,0,1,2.28,415,39,180,151.72,120,TRUE,0,0,2,40,8
e594b30d370a6ae6d8f78ab0c60f87108f9096c0,1484157247,1,1,0,0,0,0,0,0,0,0,0,179,150.72,119,FALSE,0,0,0,0,0
fd1953561355310c78ffbe794c8c1164700afe69,1484157124,1,1,0,0,0,0,0,0,0,0,0,178,149.72,118,FALSE,0,0,0,0,0
069a729d4fa8470373683561e72fb7ab17a2cc51,1484157020,1,1,0,0,0,0,0,0,0,0,0,177,148.72,117,FALSE,0,0,0,0,0
2cb030ef954a4324c4b0ffc5bce40e7efc50bf4a,1484156819,1,1,0,0,0,0,0,0,0,0,0,176,147.72,116,FALSE,0,0,0,0,0
50e2a51e5a5f8d99d32d89df6a4231873df33f86,1484156764,1,1,0,0,0,0,0,0,0,0,0,175,146.73,115,FALSE,0,0,0,0,0
de38bac43418b28c76a4a1063226fd61334ce5a2,1484156622,1,1,0,0,0,0,0,0,0,0,0,174,145.73,114,FALSE,0,0,0,0,0
f56f57e1eaee084d106972be3407b9fafd2c5d6d,1483988158,1,1,0,0,0,0,0,0,0,0,0,173,145.4,113,FALSE,0,0,0,0,0
cc1d803c2b32e90d774de3e995ce1f344b0c18d8,1483980953,1,1,0,0,0,0,0,0,0,0,0,172,144.43,112,FALSE,0,0,0,0,0
3e79cdd205e1eba7f3b3a76697c33c2ee257e319,1483980330,1,1,0,0,0,0,0,0,0,0,0,171,143.43,111,FALSE,0,0,0,0,0
cb21a5edcbc5b285de303ed2b07b60becc2bbb73,1483978789,1,1,0,0,0,0,0,0,0,0,0,170,142.44,110,FALSE,0,0,0,0,0
ca52d424fd611004330d2dc0d1e4351f682f2da9,1483978515,1,1,0,0,0,0,0,0,0,0,0,169,141.44,109,FALSE,0,0,0,0,0
cdbb07a95f24944b7c73025816364a0a26d78f61,1483978476,1,1,0,0,0,0,0,0,0,0,0,168,140.44,108,FALSE,0,0,0,0,0
459cf62d70afadf87e16d54a4bf1442665fb00ea,1483978250,1,1,0,0,0,0,0,0,0,0,0,167,139.44,107,FALSE,0,0,0,0,0
fc344b798cf1083d6641c3d17fe099ba5fe37a1f,1483978113,1,1,0,0,0,0,0,0,0,0,0,166,138.44,106,FALSE,0,0,0,0,0
57a860ac7b125cd60e383c218a6f2f2d5cec6514,1483977549,1,1,0,0,0,0,0,0,0,0,0,165,137.44,105,FALSE,0,0,0,0,0
d13498b776ea5180e3b85c05411aea1724e3c422,1483961488,1,1,1,0,16,16,0,1,0.68,26,24,164,136.51,104,FALSE,3,0,4,42,16
5ec99add03833c5207359726382512ea846b2219,1483961217,2,2,2,0.127043,12,10,1,1,1.3,598,37,163,135.51,71,FALSE,1,0,0,0,0
359b1e990abcee7fcbd8955fcee9fa50f7225840,1483910784,1,1,0,0,0,0,0,0,0,0,0,162,134.69,102,FALSE,0,0,0,0,0
0c8af23bdfcef09e1b94cd51e04bff8cc7a2ba16,1483903125,1,1,0,0,0,0,0,0,0,0,0,161,133.72,101,FALSE,0,0,0,0,0
f5748a459a5fd17f69feeff0ad853551a8980d1f,1483902618,1,1,2,0.186435,22,17,0,1,0.01,412.5,37.5,160,132.72,100,FALSE,4,0,4,39,16
80dbc6e8de1c0780831d4c7e917e08eb5ae107ab,1483902039,1,1,1,0,2,2,0,1,0.2,26,22,159,131.72,99,FALSE,0,0,0,2,0
ced5052d777a0e23de355c1a3b9a554184b3dc86,1483902018,1,1,1,0,1,1,0,1,0.2,799,68,158,130.72,98,FALSE,0,0,0,0,0
9f6876081863ca70f73a87a9c83310cc7e643f94,1483884868,1,1,2,0.824842,40,38,1,1,3.77,411.5,36,157,129.79,97,TRUE,4,0,2,35,8
ecf794273edd0ef674fb829a543acd1073765713,1483795572,1,2,2,0.0983554,69,56,0,1,1.82,928.5,13.5,156,129.1,38,TRUE,0,0,0,0,0
6275a6f6a9979826f76b125fd4f4cfd2266af5d2,1483716960,1,1,1,0,112,19,0,1,1.83,289,4,155,128.38,37,TRUE,0,0,0,0,0
5c9d84c50f2e23ec404e5d6693b06a0a21458dfd,1483559032,1,1,1,0,4,4,0,1,0.02,26,20,154,127.93,96,TRUE,0,0,0,12,0
f2166da57b5d44c49015925837fe9f8d86833f82,1483558930,2,3,3,0.297266,11,65,0,1,0.08,871.67,27.67,153,126.93,65.5,TRUE,0,0,0,0,0
37c3db0d4fdb19aad67d5844afcebaf0f1c7ac84,1483556909,2,2,3,0.415829,33,25,0,1,0.33,289.33,23,152,125.94,64.5,TRUE,0,0,2,40,8
9d539f1f73669b16b77cb219afa5029873ddeac1,1483552150,2,2,3,0.493809,14,13,0,1,0.63,371.33,23.33,151,124.95,63.5,TRUE,0,0,0,2,0
e74b118a8043328159532d03861407d202b3a4bc,1483548373,1,1,1,0,7,7,0,1,0.01,793,63,150,123.97,92,FALSE,0,0,0,0,0
e9e1f8af1e6985c754179e87c73d0481bf1f0558,1483547734,2,2,3,0.473972,37,41,0,1,0.43,784.33,27,149,122.97,62,TRUE,4,0,2,58,8
307673728e22407c96966c150269eb3f2903692a,1483545910,1,1,2,0.450982,22,22,0,1,0,411.5,32.5,148,121.97,90,TRUE,4,0,2,33,8
99734c67e84702f3e184fca403c4a8c20195019e,1483545509,1,1,2,0.507374,11,9,0,1,0.76,410.5,32,147,120.98,89,TRUE,0,0,0,6,0
4f7879294752bd72a98885550ab41ec493a184b8,1483479901,2,2,3,0.385103,60,15,0,1,0.27,272.67,21,146,120.19,60,FALSE,2,0,0,38,8
c012443eca54b114602dae270a4181888c6780d7,1483444754,1,1,2,0.47756,3,4,0,1,0.01,409.5,31,145,119.31,87,FALSE,0,0,0,3,0
ee5cab3d6f4c385db519d58acf8f801375bad4a3,1483444274,1,1,2,0.37467,24,23,0,1,0.01,409,30.5,144,118.31,86,FALSE,4,0,2,53,8
d70b8e117477e1072e9b68d161508219aabec410,1483444066,1,1,1,0,8,11,0,1,0.05,795,56,143,117.31,85,FALSE,0,0,0,0,0
154512a9ddaad1bd6f649da05be4aec24a3e1809,1483442614,1,1,1,0,15,15,0,1,0.04,26,11,142,116.31,84,FALSE,2,0,0,46,8
4826665cfad79ad9c4a67a80bed06dd5718426c4,1483439380,1,1,1,0,8,5,0,1,0.01,792,55,141,115.32,83,FALSE,0,0,0,0,0
d0fdeac6b3199dfecf44d4921ae66d2c873f3904,1483439025,1,1,1,0,16,16,0,1,1,26,10,140,114.32,82,FALSE,2,0,2,48,16
4d05184cacc2897afc0e394be05a7965bde918fd,1483438685,1,1,1,0,20,20,0,1,0,1530,20,139,113.32,31,FALSE,0,0,0,0,0
9fca4b2f3e9483c0ac4c0d4766e3616e46ac3a80,1483438462,2,2,2,0.633007,41,1,0,1,1.26,1141,34,138,112.33,55.5,FALSE,0,0,0,0,0
5425a0011fd3b986404d9728f4568e44f6cac91a,1483397227,1,1,1,0,19,40,0,1,0.19,316,1,137,111.45,29,FALSE,0,0,0,0,0
e8166288fa9c69cf61ddf3b322389509445ca279,1483380784,1,1,1,0,316,0,0,0,0,0,0,136,110.5,28,FALSE,0,0,0,0,0
a4e1a6567c5b064196c10f6d7563f865a1b34a75,1483358524,1,3,7,0.333471,81,557,0,1,2.46,294.29,3.43,135,109.56,27,FALSE,3,0,3,4,3
79f4f3e8ba40eaa563ea156518ef02fcf6da3000,1483353024,1,1,1,0,11,10,0,1,1.39,25,9,134,108.58,80,FALSE,0,0,0,38,8
1dd039c9a42710d76bffabf1e9a3405ae4124c54,1483348596,2,4,2,0.011853,204,1,0,1,0.44,751.5,8.5,133,107.59,25.5,FALSE,0,0,0,0,0
8f5b37e876fd784ee2f033819184a35a88bfb007,1483300646,1,1,1,0,0,1,0,1,0.01,780,53,132,106.73,79,FALSE,0,0,0,0,0
bb6f72f84d371c908c7d090a4dea5618fde4446d,1483299530,2,2,1,0,10,11,0,1,0.3,781,52,131,105.73,51.5,TRUE,0,0,0,6,0
371d8057aaa72ba0a4355cc07fe85201dee33cd8,1483273194,2,4,3,0.0486806,162,118,0,1,0.18,812,22.33,130,104.81,50.5,FALSE,0,0,0,2,0
dcf3f7ffa73f568fa1b988f110c361be6bdc56cb,1483269988,2,3,2,0.0346074,128,56,0,1,0.04,1088,31,129,103.82,49.5,TRUE,0,0,0,2,0
0e773ac3dae8028e74c23e985141707438224267,1483266319,1,2,1,0,136,36,0,1,0.38,1298,14,128,102.83,22,FALSE,0,0,0,0,0
7c506c505604e66a33d8f09df042dabd7791e012,1483266270,1,1,1,0,6,6,0,1,0.39,778,49,127,101.83,75,FALSE,0,0,0,0,0
9a5825034638ca73c702dfe29a514a4f02904e5a,1483233904,1,3,1,0,2,2,0,1,0.02,188,10,126,100.91,21,FALSE,0,0,0,0,0
df9acf6db52f5cbe752e0501d92687f77c28250a,1483233327,1,1,1,0,17,5,0,1,0.04,1286,13,125,99.91,20,FALSE,0,0,0,0,0
4829f27a5f43c2e1814b4d99fd2ecc8cf9aa3108,1483232539,2,2,3,1,3,3,0,1,1.17,423.67,17.67,124,98.92,49,FALSE,0,0,0,0,0
cf8a51d9297cc0dcc8e3a8827cd7cbdf4f57be1c,1483232441,1,1,2,0.133748,21,21,1,1,1.52,401.5,24,123,97.92,73,FALSE,4,0,0,53,8
055502d1176092194c7304230f3ada5753a5202c,1483232356,1,2,1,0,36,1,0,1,0.03,153,9,122,96.92,19,FALSE,0,0,1,2,0
01454e6925c63ecc39fc18cb948c277ea9e4ce31,1483230000,1,1,1,0,4,7,0,1,0.01,1289,12,121,95.92,18,FALSE,0,0,0,0,0
be0932904f655ac57a04f9eca7e43bc5bbf971fe,1483229754,2,2,2,1,2,2,0,1,0.06,465.5,26.5,120,94.92,44.5,FALSE,0,0,0,2,0
cea2bf415dc878c4fc09bec1320c174367c88ee4,1483228709,1,2,1,0,52,3,0,1,0.02,1240,11,119,93.93,16,FALSE,0,0,0,0,0
2bb374d76949f96c51450f15e528d5bb9e97b3cf,1483227185,2,3,2,0.105729,41,37,0,1,0.05,1007,26.5,118,92.93,43,TRUE,0,0,0,0,0
7fa5e8ea6328f8829acfffa8584db067b6cee810,1483223208,2,3,2,0.187036,41,29,0,1,0.14,1001,26,117,91.94,42,TRUE,0,0,0,0,0
88cb11487754ca68fee1e1e7031f53d4e1ce3fd1,1483221674,1,4,1,0,2,1,0,1,0.04,152,7,116,90.94,13,FALSE,0,0,0,0,0
5e205d0676058b46cd0999acdcf4209f3f523d64,1483218235,1,2,2,0.11722,50,92,1,1,0.01,712.5,4.5,115,89.95,12,FALSE,0,0,1,0,0
3f6a49900fd97248fda76300aa267d1f4c3f1ec9,1483217458,1,3,4,0.0770394,1222,89,0,1,0.35,354.75,2,114,88.95,11,TRUE,0,0,18,172,27
ff846fd13d175f5cd4514ff05c9fec88b2fac1cd,1483210715,1,2,1,0,8,4,0,1,0.08,1278,6,113,87.97,10,FALSE,0,0,0,0,0
8ec169e72081d276a5e9f5fdcdb2a29e9deba98f,1483203802,1,3,2,0.0490307,104,2,0,1,0.04,655.5,3,112,86.98,9,TRUE,0,0,0,0,0
ab87a019008362ca8ee374c1b2c0500a754cad2a,1483203794,1,1,1,0,2,1,1,1,0.17,770,43,111,85.98,69,TRUE,0,0,0,0,0
6fb57667761e5fd5350ead63e6dd369f2b1ab82c,1483200707,1,3,2,0.0290112,172,2,0,1,0.08,570.5,2.5,110,84.99,8,TRUE,0,0,0,0,0
eb8b669e5e23977cbafddb31b65e727e388539d1,1483198360,1,1,1,0,79,12,0,1,0.01,939,3,109,84,7,TRUE,0,0,0,0,0
14d7cb90aa32113a4a2c2585f9f2d641ac3df7dc,1483197222,1,2,1,0,629,2,0,1,0.1,312,2,108,83,6,TRUE,0,0,0,0,0
a40b6a51a52750dbd051737ed4d838159ab04e7d,1483188880,2,5,3,0.0570065,196,87,1,1,0.83,369.33,14.67,107,82.02,36.5,TRUE,0,0,4,0,0
6b1a184270f93a412f209771a8cbb4d83feef864,1483122453,1,2,1,0,52,8,0,1,0.05,66,1,106,81.15,4,FALSE,0,0,11,0,0
c79ed0b96c776155ce954d413aee06c9777afc38,1483118435,1,4,3,0.113665,297,0,0,0,0,0,0,105,80.16,3,TRUE,0,0,8,19,8
787a8a5d0e202717ddf00f0b5ef70f33e65516a4,1483111242,1,1,1,0,2,1,1,1,0.01,768,41,104,79.17,67,TRUE,0,0,0,1,0
2f55d1b9b4575d50a09514048c98faf18e3024ba,1483110594,1,1,1,0,16,13,1,1,0.88,765,40,103,78.18,66,TRUE,0,0,0,0,0
774ecb966b321f24883f8c61ba3d703b15eccab3,1483034863,1,1,1,0,1,1,0,1,0.72,765,39,102,77.32,65,TRUE,0,0,0,0,0
8cf3634d25e2b557be72db5010ae7060d5d5c449,1483006451,1,1,2,1,6,6,0,1,0.39,142,2.5,101,76.38,2,FALSE,0,0,0,0,0
e31aea90c64b72aceede1a514131cc82db8a95cb,1482972621,1,2,4,0.0971112,156,12,0,1,0.04,103.25,1,100,75.44,1,FALSE,0,0,0,0,0
e380dc57c7c5a1898e56e2b87c354009f6cb48fe,1482972609,1,1,2,0.805983,7,7,1,1,0.11,395,19.5,99,74.44,64,TRUE,0,0,0,6,0
e90a06902c70cdcb381314d2eacbd50a834fec29,1482967703,2,12,3,0.116628,159,11,0,1,0.03,88.33,1,98,73.45,11.5,FALSE,0,0,0,0,0
f11f65ac095d1b654aea60eeb6a942eb83a92ba2,1482963533,1,1,2,1,2,2,1,1,0.06,395,19,97,72.46,63,TRUE,0,0,0,0,0
0182ecd517c968c04c5e491a0f255ac76368eb6b,1482963490,1,2,2,0.143456,130,8,0,1,0.03,71.5,1,96,71.46,22,FALSE,0,0,0,0,0
d0e294672bd841bdf2a4eb0febeff7496b3a89db,1482958552,2,2,4,0.583333,6,10,0,1,0.02,264.75,9.5,95,70.47,41.5,TRUE,0,0,0,8,0
e62af3e911b9d506e516844cd485d39c9fa48072,1482956599,2,2,3,0.517102,18,21,0,1,0.13,306.33,12.33,94,69.47,40.5,TRUE,2,0,0,38,8
5c4c0caccfb6ecfef5e8a530f54761a39242ad0b,1482956190,1,2,2,0.0169908,144,1,0,1,0.1,61,0.5,93,68.47,19,FALSE,0,0,0,0,0
89250d375c5ab3fa6eddf669cf30db1c9b3dba61,1482939591,2,2,3,0.51332,171,18,0,1,0.08,255.33,11.67,92,67.5,39,TRUE,2,0,2,50,16
19d6f1f7d0f1fa3300e4a582d93b86ba3ddf396a,1482938948,1,1,1,0,3,1,0,1,0.12,18,2,91,66.5,59,FALSE,0,0,0,0,0
af88408059a44cf077653b7fa5c4a0bb4b2fe002,1482930082,1,1,1,0,1,1,1,1,0.02,741,33,90,65.51,58,FALSE,0,0,0,0,0
481cd5b273b7c8a13fa402e115c1686770bf3f09,1482928378,1,1,14,1,14,14,1,1,0,105.86,1.14,89,64.52,17,FALSE,0,0,0,0,0
47fb4a590d553653fc2a07c9614079f84413a6c9,1482928280,1,1,2,0.501686,34,3,1,1,0,6,1,88,63.52,57,TRUE,2,0,1,26,8
eb570db8e3da6c1d9a32050d80e97001621a3336,1482928078,1,1,2,0.0904452,8,7,0,1,0.45,370.5,16,87,62.52,56,TRUE,0,0,0,0,0
c4e62db21320859f1d55e83bbfbc5181c7ad22b7,1482928055,2,2,15,0.838128,25,14,0,1,142.14,98.8,1,86,61.52,35.5,TRUE,0,0,0,0,0
feeea15f7ec86f9d38fcff5cb21a4a471baae0b0,1482849696,1,1,2,0.0238733,539,456,0,1,2.86,329,18.5,85,60.63,54,TRUE,5,0,5,62,19
88bef0006a472d336497b11db993d7eda15c8ea1,1482848827,1,1,0,0,0,0,0,0,0,0,0,84,59.63,53,FALSE,0,0,0,0,0
b7acb382e7cf3e3d54f704a5bd7a2911677762d3,1482848816,1,1,0,0,0,0,0,0,0,0,0,83,58.63,52,FALSE,0,0,0,0,0
25ac8a7b13409c87c786736389215855a2fee31b,1482848332,0,0,0,0,0,0,0,0,0,0,0,82,57.63,0,FALSE,0,0,0,0,0
b76605c344122e8f734251a59ec460d78dca68e3,1482602612,1,1,2,0.57938,3,3,1,1,11.1,329,18,81,56.95,51,FALSE,0,0,0,4,0
fc5b81eb756d3a2db006fbcfa45eca7f70682272,1481643341,1,1,2,0.405639,24,24,1,1,48.02,329,17.5,80,57.2,50,TRUE,6,0,4,34,8
1226b1289f975b5171acb66f370982b5625e6fd7,1477495294,0,0,0,0,0,0,0,0,0,0,0,79,62.18,0,FALSE,0,0,0,0,0
9d104622e33b502161c8207c1e8b0e9444f8ae38,1477495216,1,1,1,0,8,8,0,1,51.03,19,12,78,61.18,49,TRUE,4,0,2,14,0
070eedc0146e3974ed86932b0688bc370ef3cbaa,1477494857,1,1,1,0,13,6,0,1,51.07,68,1,77,60.18,15,FALSE,0,0,0,0,0
6015c1c1f98f358269a4f6bb0aa3da55971ac4d5,1477492794,2,2,2,0.215425,99,4,1,1,25.5,316,14,76,59.19,31,TRUE,0,0,0,0,0
87f4e72267e4e2f3d3d44c5b0d2a6f93d31273d7,1475689724,0,0,0,0,0,0,0,0,0,0,0,75,60.96,0,FALSE,0,0,0,0,0
078d9a1e63885edac442ef01e14f0be118132e1d,1475602101,1,1,0,0,0,0,1,0,0,0,0,0,0,0,FALSE,0,0,0,0,0
bb31d67103a9688c94c5787275514c23d31f4b07,1473086765,0,0,0,0,0,0,0,0,0,0,0,74,64.36,0,FALSE,0,0,0,0,0
a5cf461f3cd5e5247d5c9a818171d629c4438258,1473086642,1,1,1,0,16,16,0,1,0.03,19,11,73,63.36,47,TRUE,6,0,4,26,4
698f5f66f4245ffe63c96994d5b8e3f4650985e0,1473086592,1,1,1,0,1,0,0,1,0.06,631,27,72,62.36,46,FALSE,0,0,0,0,0
c022c7b29ac21b65a04943d6d787a7b18f2f5810,1473086414,0,0,0,0,0,0,0,0,0,0,0,71,61.36,0,FALSE,0,0,0,0,0
ea32cbca49b5256202736569b9ecd35192c08242,1473086386,1,1,1,0,68,0,0,0,0,0,0,70,60.36,13,FALSE,0,0,0,0,0
5e1abee2ff87ed007e39da90900a884c4d897430,1473084466,0,0,0,0,0,0,0,0,0,0,0,69,59.36,0,FALSE,0,0,0,0,0
4023785cfe425fe09990ae213b2565e89d6093ad,1473083994,1,1,1,0,19,19,0,1,62.71,19,10,68,58.36,45,TRUE,6,0,4,42,18
aeef89cf01e9646f3766e6ba71c59c945f973352,1473083981,1,1,0,0,0,0,0,0,0,0,0,67,57.36,44,FALSE,0,0,0,0,0
4308c2324236fac168e1b7fb23dcd20ff44b033f,1473082542,1,1,2,0.222816,74,6,0,1,0,29,1,66,56.37,12,FALSE,0,0,0,0,0
e5c542569d2ea2f852d5e1f1a207e105292b981c,1473081740,1,1,1,0,9,3,0,1,1.95,52,1,65,55.37,11,FALSE,0,0,0,0,0
51ee842d706ca08ea86b71a8149b8ccd05aff802,1473081418,1,1,1,0,34,37,0,1,1.94,634,26,64,54.37,43,TRUE,0,0,0,8,10
71ecf7cc0019bf7703eb6590b4bbcd84974896d0,1472913571,2,2,2,0.097504,54,2,1,1,30.37,317,12.5,63,53.61,26,FALSE,0,0,0,2,0
0f4786fd5b5547a25f01946551c68a4976be888e,1468273337,0,0,0,0,0,0,0,0,0,0,0,62,60.29,0,FALSE,0,0,0,0,0
ea3efd43c9f7f0f0ee727c13a9c7f4759258c597,1467937220,1,1,0,0,0,0,1,0,0,0,0,0,0,0,FALSE,0,0,0,0,0
a8ded8a1db99b970546cc10bc768299d4d30631b,1467672468,1,1,0,0,0,0,1,0,0,0,0,61,60.43,41,FALSE,0,0,0,0,0
036f9259f81356290d73ff2a59b8167796ea030b,1467668064,1,1,0,0,0,0,0,0,0,0,0,60,59.44,40,FALSE,0,0,0,0,0
0f73fdb559c082b8ed8e23120c6aec272179e720,1467667513,1,1,0,0,0,0,0,0,0,0,0,59,58.44,39,FALSE,0,0,0,0,0
32b7e4a0e077681870f8d0d49e271732c16bfcf7,1467665494,1,1,1,0,1,1,0,1,0.03,19,9,58,57.44,38,FALSE,0,0,0,4,0
4b4275daf8c608baf50a29be6ae8f7bf7f442e6c,1467665284,1,1,1,0,14,22,1,1,0.38,69,1,57,56.44,9,FALSE,0,0,0,0,0
240c205ddb0e934359007b1e352bc34705445626,1467665120,1,1,1,0,1,0,0,1,0.03,633,24,56,55.44,37,FALSE,0,0,0,0,0
80f91c09d72e5331b30f9a2b3d3204b0c671856c,1467664637,0,0,0,0,0,0,0,0,0,0,0,55,54.44,0,FALSE,0,0,0,0,0
dd162bbc2d8de3fc6980d7e3baa7b25598fc028f,1467663731,1,1,0,0,0,0,0,0,0,0,0,54,53.44,36,FALSE,0,0,0,0,0
a310e6d0957adeb145f908998bd7fba01353a6a6,1467662758,1,1,2,0.310917,8,7,0,1,0.11,325.5,12.5,53,52.45,35,FALSE,0,0,2,8,0
512b3378d03d8711dd0c5fb9a5f49d3a9c83f55b,1467655745,1,1,1,0,71,0,0,0,0,0,0,52,51.46,8,FALSE,0,0,0,0,0
4de346acdf4ac2ee10617c79dfa7dcaafde959ec,1467654568,1,1,1,0,3,2,1,1,2.87,467,1,51,50.46,7,FALSE,0,0,0,0,0
c276c4f6b7709e225714023d51cb5bd92514cb04,1467654170,1,1,1,0,14,2,1,1,2.87,36,1,50,49.46,6,FALSE,0,0,0,0,0
27196d6ca8f150bd4580e79a3034e9bcc166c69d,1467653473,1,1,2,0.487111,27,35,0,1,0.12,329.5,12,49,48.46,34,TRUE,6,0,4,36,8
3d0b7415b80fb4ba8a00e9cec122157ca4eb5ada,1467650731,2,2,3,0.129297,39,39,0,1,1.06,260,7.33,48,47.47,19,TRUE,0,0,2,2,0
7c86bc0d12f953cb608eb8a6aa52b28133fbd9ce,1467636124,0,0,0,0,0,0,0,0,0,0,0,47,46.49,0,FALSE,0,0,0,0,0
ef6fd0644149da51736984eb6c266ce152971ef6,1467636098,1,1,1,0,26,18,0,1,0.01,19,2,46,45.49,32,FALSE,6,0,4,34,8
17bed889e9b8d83333b1290806fd2b8ddb4a03db,1467635711,1,1,1,0,5,4,1,1,0.01,632,20,45,44.49,31,FALSE,0,0,1,0,0
454355b01548c10bb335663c4d22e04625158a9f,1467635130,2,2,3,0.320697,35,12,1,1,0.03,235.33,6.67,44,43.49,17,TRUE,6,0,6,36,18
8167cb092ba009cdee02788eb279af2579d9c298,1467632145,2,2,4,0.145601,77,16,0,1,0.79,178.5,4.75,43,42.49,16,TRUE,3,0,4,15,9
765c0b3ab1789a37caab70dfb356e29d025ee905,1467585509,1,1,1,0,21,15,0,1,0.17,632,17,42,41.55,28,TRUE,0,0,2,0,0
fe9c741b165e1cc68b8a928a282f86949f505487,1467571128,1,1,1,0,2,10,0,1,1.03,640,16,41,40.57,27,FALSE,0,0,0,0,4
ef43bf0285ac8ae10c55fa7b348aeaeacc18d561,1467482078,1,1,1,0,8,7,0,1,0.01,639,15,40,39.69,26,FALSE,0,0,0,0,0
585d0fe930624315a5e23384f1bbff451b6fb12f,1467481394,1,1,1,0,22,15,1,1,0.05,632,14,39,38.69,25,TRUE,1,0,3,2,0
7909dc44e1f476f20f18eb07ff516d9cc8218e81,1467477084,1,1,1,0,10,1,0,1,0.01,623,13,38,37.69,24,TRUE,0,0,1,0,0
2beaeb3fcebc320f42ead3f088c664ba8aa1de61,1467475832,1,2,1,0,58,0,0,0,0,0,0,37,36.69,2,FALSE,0,0,0,0,0
625deb4b87b0e5063ec7e11ddc85b122ecb7b32d,1467475820,1,1,1,0,1,1,1,1,1.96,623,12,36,35.69,23,FALSE,0,0,0,0,0
0dfadb0bcb7c84e93a7bf7850c59a37f6db792c6,1467474414,1,1,0,0,0,0,0,0,0,0,0,35,34.7,22,FALSE,0,0,0,0,0
d9224232d6e3590d8365adf604e2c4c40da0ed88,1467473839,2,3,0,0,0,0,0,0,0,0,0,34,33.7,11,FALSE,0,0,0,0,0
2aa7d52fb5d9ac83ec9f1fcd22929768b664e2bc,1467408569,0,0,0,0,0,0,0,0,0,0,0,33,32.77,0,FALSE,0,0,0,0,0
131a486f535b0afdf4f851fb94cf3e31e1efe045,1467408556,1,1,0,0,0,0,1,0,0,0,0,32,31.77,20,FALSE,0,0,0,0,0
a0b4f451f054a185715a817b7512b61d7d8ca999,1467406333,0,0,0,0,0,0,0,0,0,0,0,31,30.77,0,FALSE,0,0,0,0,0
81d627a69eb1b992796b502de42fc811cc849db1,1467406185,1,6,7,0.418735,987,0,0,0,0,0,0,30,29.77,0,TRUE,0,0,0,0,0
4464be5d364139f5562a7d0baae9169a3b4d1491,1467386496,1,1,0,0,0,0,0,0,0,0,0,3,2.97,3,FALSE,0,0,0,0,0
6bc33066a47ceae516e95d6b1839bd6b227fc685,1467306530,1,1,0,0,0,0,0,0,0,0,0,29,28.86,19,FALSE,0,0,0,0,0
aa2e468a6c5b67f14ae69bd1ad6d1aa5d27a20b8,1467306307,0,0,0,0,0,0,0,0,0,0,0,28,27.86,0,FALSE,0,0,0,0,0
fd8ec1a1e0bfa15557e048521ffbdcef11613857,1467306291,1,1,2,0.0938447,1,28,0,1,1.92,318,3,27,26.86,18,FALSE,4,0,1,21,9
9996db3fad00ea2ad334dc5ef30b248c870d53a1,1467305397,0,0,0,0,0,0,0,0,0,0,0,26,25.86,0,FALSE,0,0,0,0,0
1a75c0132c49c33b94bf386d32cbbb8128a226e4,1467300623,0,0,0,0,0,0,0,0,0,0,0,25,24.87,0,FALSE,0,0,0,0,0
9241f4e23e4ebe7fdc47475335a453ed88893b08,1467299418,1,1,0,0,0,0,0,0,0,0,0,24,23.87,17,FALSE,0,0,0,0,0
c27175aebece16c9b2624adb17ea6c5658471824,1467296078,1,1,1,0,9,8,0,1,0.06,622,10,23,22.87,16,TRUE,0,0,0,0,0
266a50d63d739cc3b4af0cd2df17c5d908568dbb,1467290832,1,1,1,0,1,1,1,1,0.01,622,9,22,21.87,15,FALSE,0,0,0,0,0
a5847bebf9188ab221f947a4f0d89534eee4afca,1467289628,1,1,1,0,8,8,0,1,0.07,622,8,21,20.88,14,TRUE,0,0,0,0,0
3b8160a20af071957cb14e18ec2882e25b7e41ff,1467283397,1,1,1,0,3,5,0,1,0.01,624,7,20,19.88,13,FALSE,0,0,0,0,0
c007d50d2efea03e96048bc9d0130ab96c8380ba,1467282806,1,1,1,0,5,3,0,1,0.02,622,6,19,18.88,12,FALSE,0,0,0,0,0
7718ed5d8809d11c69d10a455f49bc6af576a39a,1467281354,1,1,1,0,27,14,0,1,1.63,609,5,18,17.88,11,TRUE,0,0,0,0,0
1c0942cb42c229025290b35a6b8ba53b6c172abd,1467140469,1,1,2,0.734496,12,8,1,1,0.52,316,2.5,17,16.96,10,TRUE,6,0,0,16,0
a665d81af86298a65624d9ef3ab1bcacc2575f14,1467129302,0,0,0,0,0,0,0,0,0,0,0,16,15.97,0,FALSE,0,0,0,0,0
189de9a1c78b3af8d01a07a8765ead34565f423d,1467128637,1,1,0,0,0,0,1,0,0,0,0,15,14.97,9,FALSE,0,0,0,0,0
cf5ba98c92f3a25e221dd7b072cfe8a6ad731fe3,1467128553,1,1,0,0,0,0,0,0,0,0,0,14,13.97,8,FALSE,0,0,0,0,0
0eb3cbc79e816cee649d8671f756740010536d49,1467095376,1,1,2,1,2,2,1,1,0.46,316,2,0,0,0,FALSE,0,0,0,0,0
ca7ee63466725fd1645b89897ce8debb24cd47b7,1467068226,1,1,0,0,0,0,0,0,0,0,0,13,12.99,7,FALSE,0,0,0,0,0
5c41fd40b475b20dd6fa2c30e3541c1bc8eb2eb5,1467067013,1,1,0,0,0,0,0,0,0,0,0,12,11.99,6,FALSE,0,0,0,0,0
a58ff089d1c7b6a9e205928db127ad8a12556688,1467066562,0,0,0,0,0,0,0,0,0,0,0,11,10.99,0,FALSE,0,0,0,0,0
46451653362c5aa5f52e26c1db5834bceeb3db21,1467065358,1,1,0,0,0,0,0,0,0,0,0,10,9.99,5,FALSE,0,0,0,0,0
eaab9f17f678bbedde6c0016e286616777ed71eb,1467058303,1,1,0,0,0,0,0,0,0,0,0,1,1,1,FALSE,0,0,0,0,0
b0cd534f762e21a270108c8fbf3b5947d439ef8d,1467058249,1,1,0,0,0,0,0,0,0,0,0,9,9,4,FALSE,0,0,0,0,0
94d224b00b29e1088620d1b86a3abdb623d12901,1467057842,1,1,0,0,0,0,0,0,0,0,0,0,0,0,FALSE,0,0,0,0,0
a263633a816a38cad83dad07ecdec83e82bcae16,1467057121,0,0,0,0,0,0,0,0,0,0,0,8,8,0,FALSE,0,0,0,0,0
181635ad347829d0c7c5edfa8c4ea1e755fdd2fb,1467057009,0,0,0,0,0,0,0,0,0,0,0,7,7,0,FALSE,0,0,0,0,0
1b9a57145dfcccdfdd707979307cb94e57c2dbbe,1467056921,0,0,0,0,0,0,0,0,0,0,0,6,6,0,FALSE,0,0,0,0,0
722294999ae086bd16a70742f6cf75a34236058e,1467056866,0,0,0,0,0,0,0,0,0,0,0,5,5,0,FALSE,0,0,0,0,0
07b677c0e60ecaf245fbb70478eb5be5b707905b,1467056802,0,0,0,0,0,0,0,0,0,0,0,4,4,0,FALSE,0,0,0,0,0
85de7aa297742e9a8ad7056296ec899ab816abf7,1467056082,1,1,0,0,0,0,0,0,0,0,0,0,0,0,FALSE,0,0,0,0,0
e45367a90baecc4dda2aa99d304be7b4d74e164f,1467055877,1,1,1,0,19,19,0,1,0.27,27,1,2,2,2,TRUE,8,0,2,40,16
4f0495697379331e8016cd4344f8c3e4e40f6d16,1467055818,1,1,1,0,1,1,0,2,0,605,2,1,1,1,FALSE,0,0,0,0,0
b6b54342fbec06e54e10005ac17cd324f13bd9e9,1467055569,1,1,1,0,15,3,0,1,0.27,593,1,0,0,0,FALSE,0,0,0,2,2
6e2782787537df41131758c94f5a1bbba47cbc27,1467046109,1,1,0,0,0,0,0,0,0,0,0,0,0,0,FALSE,0,0,0,0,0
681925379bed9861c0a75ef1e2e56fff107923c8,1467043544,1,1,0,0,0,0,1,0,0,0,0,0,0,0,FALSE,0,0,0,0,0
afa3c6adb655714b42c5fbb22a9760033856908c,1467040403,1,1,0,0,0,0,1,0,0,0,0,0,0,0,FALSE,0,0,0,0,0
f765c6df3634cc1a647e8daa60f08223cf7c6a3f,1467035404,1,1,0,0,0,0,1,0,0,0,0,3,3,3,FALSE,0,0,0,0,0
c5374ffe202c8f3046b7282667ab8cb1bfef622c,1467033685,1,1,0,0,0,0,0,0,0,0,0,2,2,2,FALSE,0,0,0,0,0
26179789add7ff7bd4afc559ea5330b224ec4549,1467032967,1,1,0,0,0,0,0,0,0,0,0,1,1,1,FALSE,0,0,0,0,0
e27c0a6d1d56291d457f71bd112575dbb7600d74,1467032275,1,1,2,0.0571373,620,0,0,0,0,0,0,0,0,0,FALSE,6,0,2,38,14